category,setting,default,variant,status,best_mode,auc,auc_ci95_lo,auc_ci95_hi,pvalue,p_fdr_bh,higher_in,n_modes_p05,n_subjects
lambda_corr,0,False,LAMBDA_CORR=0.0,ok,15,0.8363636363636363,0.6181818181818182,1.0,0.0101624389136376,0.0884790254257465,Responder,6,21
lambda_corr,1,True,default,ok,18,0.8636363636363636,0.6363636363636364,1.0,0.0054107293595996,0.108214587191992,Responder,7,21
lambda_corr,5,False,LAMBDA_CORR=5.0,ok,13,0.8181818181818182,0.6,0.9807692307692308,0.0151231344030668,0.270656269636959,Responder,2,21
lambda_corr,10,False,LAMBDA_CORR=10.0,ok,10,0.7454545454545455,0.4907407407407407,0.9454545454545454,0.0620310418153641,0.3853333919977439,Responder,0,21
lambda_corr,100,False,LAMBDA_CORR=100.0,ok,12,0.7818181818181819,0.55,0.9591836734693876,0.0317339937568965,0.4475929457557227,Responder,2,21
lambda_sparse,0,False,LAMBDA_SPARSE=0.0,ok,11,0.8363636363636364,0.6272727272727273,0.9903846153846154,0.0101624389136376,0.0828341768002945,Responder,7,21
lambda_sparse,0.1,False,LAMBDA_SPARSE=0.1,ok,13,0.8181818181818181,0.6,0.979591836734694,0.0151231344030668,0.0884148196622495,Responder,7,21
lambda_sparse,1,True,default,ok,18,0.8636363636363636,0.6363636363636364,1.0,0.0054107293595996,0.108214587191992,Responder,7,21
lambda_sparse,10,False,LAMBDA_SPARSE=10.0,ok,10,0.8181818181818181,0.5818181818181818,1.0,0.0151231344030668,0.1832430775151697,Responder,4,21
lambda_sparse,100,False,LAMBDA_SPARSE=100.0,ok,15,0.7999999999999999,0.5454545454545454,1.0,0.0221037049155623,0.4420740983112478,Responder,1,21
f_act,Identity,True,default,ok,18,0.8636363636363636,0.6363636363636364,1.0,0.0054107293595996,0.108214587191992,Responder,7,21
f_act,ReLU,False,F_ACT=ReLU,ok,6,0.8272727272727273,0.6090909090909091,1.0,0.0124251265200441,0.1173500253691413,Responder,7,21
f_act,Sigmoid,False,F_ACT=Sigmoid,ok,9,0.8,0.5740740740740741,0.9636363636363636,0.0221037049155623,0.3270374890756971,Responder,2,21
f_reduce,Mean,True,default,ok,18,0.8636363636363636,0.6363636363636364,1.0,0.0054107293595996,0.108214587191992,Responder,7,21
f_reduce,Max,False,GLOBAL_REDUCE=max,ok,1,0.8636363636363638,0.6634615384615384,1.0,0.0054107293595996,0.108214587191992,Responder,2,21
f_reduce,Sum,False,GLOBAL_REDUCE=sum,ok,11,0.7363636363636364,0.4897959183673469,0.9351851851851852,0.072549257220484,0.2513382308159457,Responder,0,21
f_map,Stiefel Manifold,True,default,ok,18,0.8636363636363636,0.6363636363636364,1.0,0.0054107293595996,0.108214587191992,Responder,7,21
f_map,Unconstrained,False,USE_STEIFEL_MANIFOLD=False,ok,10,0.8363636363636364,0.6296296296296297,0.9819050802139024,0.0101624389136376,0.0916215387575848,Responder,6,21
statistic,Geary's C,True,default,ok,18,0.8636363636363636,0.6363636363636364,1.0,0.0054107293595996,0.108214587191992,Responder,7,21
statistic,Moran's I,False,LOCAL_INDEX_FN=moran_index,ok,11,0.8363636363636364,0.6111111111111112,1.0,0.0101624389136376,0.1790371783022891,NonResponder,5,21
statistic,Getis-Ord G*,False,LOCAL_INDEX_FN=getis_ord_gstar_index,ok,2,0.8363636363636364,0.6224489795918368,0.990909090909091,0.0101624389136376,0.1221620516767798,Responder,5,21
f_affinity,No Affinity,True,default,ok,18,0.8636363636363636,0.6363636363636364,1.0,0.0054107293595996,0.108214587191992,Responder,7,21
f_affinity,Query-key,False,F_THETA=QKTheta,ok,15,0.8,0.574040404040404,0.9629629629629628,0.0221037049155623,0.3101552090768205,Responder,2,21
f_affinity,Shared f_map,False,F_THETA=SharedFMapTheta,ok,13,0.7454545454545455,0.5,0.950048076923076,0.0620310418153641,0.64222231999624,Responder,0,21
tau,Learnable,True,default,ok,18,0.8636363636363636,0.6363636363636364,1.0,0.0054107293595996,0.108214587191992,Responder,7,21
tau,Not learnable (=1),False,LEARNABLE_TEMPERATURE=False,ok,14,0.7909090909090909,0.5555555555555556,0.9727272727272728,0.0265437076277239,0.3520500761074239,Responder,2,21
knn,8,False,KNN=8,ok,4,0.7909090909090909,0.5611361852433281,0.9636363636363636,0.0265437076277239,0.090668553591133,Responder,9,21
knn,16,False,KNN=16,ok,13,0.8090909090909092,0.5636363636363636,1.0,0.0183243077515169,0.090668553591133,Responder,7,21
knn,32,True,default,ok,18,0.8636363636363636,0.6363636363636364,1.0,0.0054107293595996,0.108214587191992,Responder,7,21
knn,64,False,KNN=64,ok,16,0.9090909090909092,0.75,1.0,0.0017267864845339,0.0345357296906786,Responder,6,21
lr,0.01,False,LR=0.01,ok,14,0.8272727272727274,0.6181818181818182,0.9777777777777776,0.0124251265200441,0.1127837123915711,Responder,5,21
lr,0.05,True,default,ok,18,0.8636363636363636,0.6363636363636364,1.0,0.0054107293595996,0.108214587191992,Responder,7,21
lr,0.1,False,LR=0.1,ok,12,0.8363636363636364,0.6333163265306122,0.9814814814814816,0.0101624389136376,0.137846759589698,Responder,6,21
