unit,mode,n_pos,n_neg,median_R,median_NR,auc,auc_flip,auc_flip_ci95_lo,auc_flip_ci95_hi,higher_in,wilcoxon_U,pvalue,p_fdr_bh
subject,17,11,10,0.6918398141860962,0.5559379756450653,0.8636363636363636,0.8636363636363636,0.6363636363636362,1.0,Responder,95.0,0.0054107293595996,0.108214587191992
subject,10,11,10,0.5891067385673523,0.5536518394947052,0.8090909090909091,0.8090909090909091,0.5818181818181818,0.9727272727272727,Responder,89.0,0.0183243077515169,0.1278836987873493
subject,3,11,10,0.5882059335708618,0.5125979483127594,0.7909090909090909,0.7909090909090909,0.548076923076923,0.9705882352941176,Responder,87.0,0.0265437076277239,0.1278836987873493
subject,7,11,10,0.6339824795722961,0.5410433113574982,0.781818181818182,0.781818181818182,0.5384615384615384,0.9615384615384616,Responder,86.0,0.0317339937568965,0.1278836987873493
subject,13,11,10,0.6381811499595642,0.5494269132614136,0.7727272727272727,0.7727272727272727,0.5363636363636364,0.9489795918367347,Responder,85.0,0.0377713489514166,0.1278836987873493
subject,6,11,10,0.6109587550163269,0.519254058599472,0.7636363636363636,0.7636363636363636,0.5272727272727273,0.9454545454545454,Responder,84.0,0.0447592945755722,0.1278836987873493
subject,19,11,10,0.683329164981842,0.6139158010482788,0.7636363636363637,0.7636363636363637,0.5181818181818182,0.9629797979797978,Responder,84.0,0.0447592945755722,0.1278836987873493
subject,8,11,10,0.6350406408309937,0.5535082519054413,0.7545454545454546,0.7545454545454546,0.5096153846153846,0.9387755102040817,Responder,83.0,0.0528075114161135,0.1320187785402839
subject,15,11,10,0.6729170680046082,0.5629973411560059,0.7454545454545455,0.7454545454545455,0.49999999999999994,0.9444444444444445,Responder,82.0,0.0620310418153641,0.137846759589698
subject,18,11,10,0.694767415523529,0.5772614479064941,0.7272727272727273,0.7272727272727273,0.4545454545454546,0.9363636363636364,Responder,80.0,0.084484583621506,0.1689691672430121
subject,2,11,10,0.5817336440086365,0.5047279596328735,0.7,0.7,0.4333173076923077,0.9230769230769231,Responder,77.0,0.1300297963838358,0.2364178116069741
subject,9,11,10,0.640716552734375,0.536530077457428,0.6909090909090908,0.6909090909090908,0.41836734693877553,0.9111458333333329,Responder,76.0,0.1488609483003274,0.2481015805005457
subject,12,11,10,0.6076430678367615,0.5424152612686157,0.6818181818181818,0.6818181818181818,0.425,0.8981481481481483,Responder,75.0,0.1697061422725124,0.2610863727269422
subject,14,11,10,0.6086753010749817,0.5451979637145996,0.6727272727272727,0.6727272727272727,0.4111111111111111,0.8942307692307692,Responder,74.0,0.1926666959988719,0.2752381371412457
subject,5,11,10,0.5962896347045898,0.5343625843524933,0.6545454545454545,0.6545454545454545,0.3909090909090909,0.8796296296296297,Responder,72.0,0.2452781168067728,0.3270374890756971
subject,0,11,10,0.4852895140647888,0.4946542829275131,0.6363636363636364,0.6363636363636364,0.3611111111111111,0.8666836734693877,Responder,70.0,0.3072263700681952,0.384032962585244
subject,16,11,10,0.6254914402961731,0.591777116060257,0.6272727272727272,0.6272727272727272,0.36363636363636365,0.8727272727272728,Responder,69.0,0.3417864618150272,0.402101719782385
subject,11,11,10,0.6116042733192444,0.5420877039432526,0.6181818181818182,0.6181818181818182,0.35185185185185186,0.8611111111111112,Responder,68.0,0.3787382518865303,0.4208202798739225
subject,1,11,10,0.56302410364151,0.501862421631813,0.6,0.6,0.32727272727272727,0.8425925925925927,Responder,66.0,0.4596715909585638,0.4838648325879619
subject,4,11,10,0.553053617477417,0.5396329164505005,0.5909090909090908,0.5909090909090908,0.3181818181818182,0.8333333333333333,Responder,65.0,0.5035147104262714,0.5035147104262714
