year,mode_0,mode_1,mode_2,mode_3,mode_4,mode_5,mode_6,mode_7
2000,0.5167961,0.6567533,0.6094201,0.6323906,0.6053783,0.59209496,0.65659624,0.8310008
2001,0.5022828,0.6364152,0.5819642,0.61108387,0.5775337,0.69229317,0.6520628,0.85529083
2002,0.49529836,0.6378925,0.5508253,0.60730916,0.5565491,0.61304736,0.64717346,0.8032866
2003,0.49320126,0.6352998,0.5260195,0.60960263,0.6104545,0.60557175,0.6431527,0.79942185
2004,0.4878467,0.6076755,0.52066785,0.6261914,0.5891232,0.5532617,0.6291017,0.7534868
2005,0.48979834,0.56472313,0.5207649,0.6057618,0.55849344,0.5710116,0.63410074,0.75675815
2006,0.49159992,0.5242672,0.5126941,0.5855137,0.5848737,0.5921596,0.63499033,0.73261166
2007,0.49130765,0.4792262,0.54162323,0.57867473,0.5817887,0.55263764,0.63851273,0.7117887
2008,0.4952757,0.45239016,0.5077504,0.5686255,0.5349851,0.5990601,0.6534748,0.72531277
2009,0.4838065,0.5404754,0.5175884,0.54961574,0.563994,0.56873167,0.65621835,0.71455216
2010,0.5002634,0.5140609,0.49631473,0.5716241,0.61866105,0.57202953,0.64647967,0.71026057
2011,0.50317115,0.50585943,0.5165496,0.57049173,0.6121015,0.5830631,0.64800715,0.7007955
2012,0.50500375,0.4957791,0.52893454,0.5559063,0.6315624,0.5662527,0.65464836,0.6876799
2013,0.5049645,0.49999115,0.54058,0.558009,0.594114,0.608927,0.6633245,0.7388213
2014,0.50692624,0.46569508,0.53211176,0.54487,0.5674985,0.64266944,0.6612176,0.72074103
2015,0.49636203,0.48334113,0.55569035,0.5572675,0.61369514,0.6935668,0.6601443,0.77283186
2016,0.49143025,0.5020536,0.55945486,0.53576034,0.58199537,0.6369494,0.65583855,0.81498295
2017,0.48087552,0.5025099,0.5422957,0.5005417,0.56952786,0.59327984,0.6594112,0.7440238
2018,0.4784632,0.4849945,0.5167593,0.49235523,0.5397552,0.6328211,0.66622275,0.74014574
2019,0.4734563,0.5031401,0.53511184,0.46237677,0.59727263,0.6358621,0.66331536,0.7371577
2020,0.48385963,0.5244695,0.51960415,0.5066993,0.71589357,0.62267166,0.66382784,0.7831111
2021,0.47447446,0.49747813,0.52986336,0.53979737,0.7297099,0.59710443,0.6716177,0.80160606
2022,0.49690542,0.45623958,0.5261888,0.6017127,0.6435903,0.5819764,0.6661657,0.76762635
2023,0.4787725,0.47714466,0.5274206,0.54109293,0.62412864,0.5401932,0.65789545,0.8180067
