,mode_0,mode_1,mode_2,mode_3,mode_4,mode_5,mode_6,mode_7
nGDP_USD,4.1211024e-07,-7.5362614e-06,0.036043804,-0.028384686,-0.0019859034,9.875688e-05,0.9290871,1.6733538e-06
rGDP_USD,-9.382376e-06,-0.105247244,-1.3103711e-05,-0.07456527,0.11564353,-1.2489325e-05,-3.6107378e-06,-0.22828725
rGDP_pc_USD,0.9361953,0.0762298,0.0003915467,0.06862609,-0.07946243,-0.01609284,-7.3052947e-06,-4.1057356e-05
pop,-1.3001263e-06,-0.059612017,-1.0360034e-05,0.0077948747,0.056468144,0.054856054,-0.043715265,0.4575288
infl,3.0091032e-06,-1.6247852e-05,4.0959576e-06,2.1662556e-06,-0.041519698,-0.0041489345,-7.5409193e-06,4.358217e-05
cons_GDP,1.0356307e-06,-3.896653e-06,1.3619664e-05,0.031585537,-9.756534e-06,8.118804e-06,-0.028366433,-3.594905e-07
cons_USD,-2.3338944e-06,-1.7089767e-05,-0.00023864959,-0.41946578,1.8466262e-05,-0.022697939,-0.015709596,2.0707957e-06
hcons_GDP,1.4945865e-05,-9.1455865e-07,8.475037e-07,0.0010880526,4.906207e-06,0.06527239,-4.6491627e-06,4.951842e-06
hcons_USD,-1.1194497e-06,-0.59325904,-0.0150934635,-0.0020732705,7.48597e-06,-0.020111794,-0.007857802,-1.5710015e-05
gcons_GDP,8.875504e-06,-0.011442519,0.8158394,0.00025285027,1.0646879e-05,-0.57057005,-0.028432997,-1.1874363e-06
gcons_USD,6.6645443e-06,-4.5821066e-06,-2.5182966e-05,-5.4091197e-06,5.1409e-06,-5.848705e-07,-0.24556957,4.1499734e-06
inv_GDP,-5.2456744e-07,7.4751433e-06,5.9222348e-05,-1.5538879e-05,-0.0016379384,0.0021261198,0.0016367758,0.78713953
inv_USD,-1.8365681e-06,-2.5611367e-05,-1.2811276e-05,-0.17845833,0.0079213595,1.7066485e-07,-0.2116381,3.0100346e-06
finv_GDP,-2.6747584e-06,-0.009891315,9.052457e-06,6.8880595e-06,0.0817058,-0.035572696,0.015378141,8.177012e-07
finv_USD,-3.1339005e-07,-0.15032734,-5.3886333e-06,-1.7837614e-05,2.2571532e-05,8.6071657e-07,-0.12149667,-1.1229189e-05
exports_GDP,-0.23267496,0.103025086,8.344652e-06,1.5638763e-05,2.1904705e-06,3.4971158e-06,0.06858651,-9.23872e-07
exports_USD,4.487112e-06,0.7431442,8.631499e-06,-0.08768712,5.230307e-06,-6.134039e-06,-0.027599376,2.1141022e-07
imports_GDP,-1.3741665e-06,1.7331911e-06,8.2189235e-06,0.032735907,-3.9348373e-07,0.060619917,0.0094712945,-5.7559228e-06
imports_USD,6.4633787e-07,-1.130253e-05,0.0002473556,0.83664,-1.554936e-05,0.0008464409,-2.7364122e-05,1.6144477e-05
CA_GDP,-0.019166544,0.024766669,-2.0725656e-05,-0.039904743,4.7059725e-06,-0.08245574,0.049196456,0.3438903
CA_USD,0.250054,-0.19931248,-0.0016722124,-0.25888202,0.070005976,0.059222322,0.06762854,0.026506593
govexp_GDP,4.0428713e-05,-3.4011896e-06,0.576954,2.441368e-05,-3.0044462e-06,0.8064577,-0.017869204,1.2503937e-05
govrev_GDP,8.529518e-06,-0.015930902,-2.6157131e-05,-0.0520648,-0.68281746,-0.008844274,-1.7939137e-05,9.364681e-06
govdef_GDP,-2.5369227e-06,1.1995434e-06,-1.4878812e-05,5.9548743e-06,3.2782552e-07,-1.2934788e-05,9.194017e-06,-0.0007546521
govdebt_GDP,0.080662295,0.03612594,0.00027921802,-0.0034211006,0.70534676,-0.016747411,-9.603799e-06,1.3131648e-06
