fold,core,y,y_pred
0,3-B,1,0.31864091753959656
0,3-C,1,0.4129623770713806
0,3-D,1,0.20255015790462494
0,3-E,1,0.9375793933868408
0,3-F,1,0.3813079297542572
0,3-G,0,0.1721247434616089
0,3-H,0,0.20964208245277405
0,4-A,0,0.19379667937755585
0,4-B,0,0.35330861806869507
0,4-C,0,0.29244884848594666
0,4-D,0,0.6652034521102905
0,4-E,0,0.2755565643310547
0,4-F,0,0.34466463327407837
0,4-G,0,0.28430813550949097
0,4-H,1,0.3013076186180115
0,5-A,2,0.5477869510650635
0,5-B,2,0.6360520720481873
0,5-C,2,0.607280969619751
0,5-D,1,0.2994155287742615
0,5-E,1,0.4862832725048065
0,5-F,1,0.30263301730155945
0,5-G,1,0.6015151143074036
0,5-H,0,0.21759316325187683
0,6-A,0,0.9506242871284485
0,6-B,0,0.20399825274944305
0,6-C,0,0.6873549222946167
0,6-D,0,0.42546701431274414
0,6-E,0,0.5286331176757812
0,6-F,0,0.4954308271408081
0,6-H,0,0.6784846186637878
0,7-A,0,0.39796048402786255
0,7-B,0,0.39224493503570557
0,7-C,0,0.5303428769111633
0,7-D,0,0.2800329327583313
0,7-E,0,0.690832257270813
0,7-F,0,0.22877033054828644
0,7-G,0,0.32862815260887146
0,7-H,0,0.323243647813797
0,8-A,0,0.41827523708343506
0,8-B,0,0.28689202666282654
0,8-C,0,0.23903325200080872
0,8-D,0,0.23411883413791656
0,8-E,1,0.5871067047119141
0,8-F,1,0.6206503510475159
0,8-G,1,0.49733859300613403
0,8-H,1,0.5960582494735718
0,9-A,1,0.9635554552078247
0,9-B,1,0.9047549962997437
0,9-C,1,0.9720715284347534
0,9-D,0,0.2602490484714508
0,9-E,0,0.3785307705402374
1,13-A,1,0.7084008455276489
1,13-B,1,0.20561929047107697
1,13-C,1,0.7279704213142395
1,13-D,0,0.2201227843761444
1,13-E,0,0.2391360104084015
1,13-F,0,0.18678465485572815
1,13-G,0,0.6782225370407104
1,13-H,1,0.27062827348709106
1,14-A,0,0.24015289545059204
1,14-B,0,0.29009267687797546
1,14-F,1,0.3449741303920746
1,14-I,0,0.2025839239358902
1,15-A,0,0.21437515318393707
1,15-B,0,0.2234969586133957
1,15-C,1,0.5686162710189819
1,15-D,1,0.21385008096694946
1,15-E,1,0.5481110215187073
1,15-F,1,0.5427789688110352
1,15-G,1,0.32277050614356995
1,15-H,1,0.21847595274448395
1,15-I,1,0.4922143220901489
1,16-A,0,0.6993662118911743
1,16-B,0,0.5450637340545654
1,16-C,0,0.5704841613769531
1,16-D,0,0.3432884216308594
1,16-E,0,0.3080786168575287
1,16-F,0,0.7002032399177551
1,16-G,0,0.26657024025917053
1,16-H,0,0.2826401889324188
1,16-I,0,0.17799735069274902
1,17-A,1,0.5481305122375488
1,17-B,1,0.25501319766044617
1,17-C,1,0.28020715713500977
1,17-D,0,0.1934739500284195
1,17-E,0,0.33103275299072266
1,17-F,0,0.19052185118198395
1,17-H,1,0.41397732496261597
1,18-A,0,0.2580357789993286
1,18-D,2,0.19633455574512482
1,18-E,0,0.1788882464170456
1,18-F,0,0.4572932720184326
1,18-G,2,0.9768052101135254
1,18-H,2,0.6565457582473755
1,19-A,1,0.9253701567649841
1,19-B,0,0.20214886963367462
1,19-D,0,0.25989845395088196
1,19-I,1,0.8700261116027832
1,20-A,1,0.6238099336624146
1,20-B,0,0.19373999536037445
1,20-C,0,0.18167230486869812
1,20-D,0,0.5898334980010986
1,20-F,1,0.2628471553325653
1,20-G,2,0.5946128368377686
1,20-H,1,0.6312575936317444
1,21-B,0,0.19663016498088837
1,21-C,2,0.27459627389907837
1,21-E,2,0.835503339767456
2,25-C,0,0.5572963356971741
2,25-D,1,0.5445186495780945
2,25-E,1,0.5432649254798889
2,25-G,0,0.5473677515983582
2,25-H,0,0.5521237254142761
2,25-I,0,0.5490330457687378
2,26-A,0,0.5410828590393066
2,26-B,0,0.5473492741584778
2,26-C,0,0.547432541847229
2,26-D,0,0.5436999201774597
2,26-E,0,0.5415828824043274
2,26-F,0,0.5386759638786316
2,26-G,0,0.5421447157859802
2,26-H,0,0.5487539768218994
2,26-I,0,0.5461715459823608
2,27-B,0,0.5402839779853821
2,27-C,0,0.5409416556358337
2,27-D,0,0.5463342666625977
2,27-F,0,0.5339776873588562
2,27-H,0,0.5529667139053345
2,27-I,1,0.567753255367279
2,28-A,1,0.5824497938156128
2,28-B,1,0.5786451101303101
2,28-C,0,0.5412793159484863
2,28-D,0,0.5688361525535583
2,28-F,2,0.5741289854049683
2,28-G,2,0.5645560026168823
2,28-H,2,0.5796852707862854
2,28-I,1,0.5724649429321289
2,29-A,1,0.5579904913902283
2,29-B,1,0.5856822729110718
2,29-C,1,0.562465488910675
2,29-D,1,0.5551576614379883
2,29-E,1,0.555830180644989
2,29-F,0,0.5463441610336304
2,29-G,0,0.5479180812835693
2,29-H,0,0.5375472903251648
2,29-I,0,0.5378323793411255
2,30-A,0,0.5474624037742615
2,30-B,0,0.5508981943130493
2,30-C,0,0.5444228053092957
2,30-D,2,0.5450562834739685
2,30-E,2,0.5444512367248535
2,30-G,0,0.5397742986679077
2,30-H,0,0.5531211495399475
2,31-A,0,0.5418110489845276
2,31-B,0,0.5364563465118408
2,31-C,0,0.5293363332748413
2,31-D,0,0.5430933833122253
2,31-E,0,0.5433912873268127
2,31-F,0,0.5505459308624268
2,31-G,1,0.5574173927307129
2,31-H,1,0.561712384223938
2,31-I,1,0.5480722784996033
2,32-B,0,0.5464423894882202
2,32-C,0,0.544952929019928
2,32-D,1,0.5444008708000183
2,32-E,0,0.5515074729919434
2,32-F,1,0.5684478878974915
2,32-G,1,0.5469992756843567
2,32-I,1,0.5898215770721436
2,33-A,0,0.5550440549850464
2,33-B,0,0.5695644617080688
2,33-C,2,0.562861979007721
2,33-E,0,0.5690414905548096
3,37-A,0,0.5602213144302368
3,37-B,0,0.5617093443870544
3,37-C,0,0.5403501987457275
3,37-D,0,0.518184244632721
3,37-E,0,0.5315107107162476
3,37-F,0,0.5252931118011475
3,37-G,0,0.5323715806007385
3,37-H,0,0.5282649397850037
3,38-A,0,0.5285917520523071
3,38-B,0,0.5247017741203308
3,38-C,0,0.5371305346488953
3,38-D,0,0.5372022986412048
3,38-E,0,0.5371606945991516
3,38-F,0,0.5367870926856995
3,38-G,0,0.5688068270683289
3,38-H,0,0.526373565196991
3,38-I,0,0.5241988897323608
3,39-A,2,0.5437141060829163
3,39-B,0,0.5444780588150024
3,39-C,0,0.5337815284729004
3,39-D,0,0.528996467590332
3,39-E,1,0.5453483462333679
3,39-F,0,0.5451446175575256
3,39-G,1,0.5421349406242371
3,39-H,0,0.5237987637519836
3,39-I,0,0.5289099216461182
3,40-A,0,0.5243864059448242
3,40-B,0,0.5306181311607361
3,40-C,0,0.5249232053756714
3,40-D,0,0.5329392552375793
3,40-E,2,0.533479630947113
3,40-F,2,0.5227301716804504
3,40-G,0,0.5350813865661621
3,40-H,0,0.5421180129051208
3,40-I,0,0.5398027300834656
3,41-A,2,0.5418258309364319
3,41-B,2,0.550447404384613
3,41-C,2,0.5439233183860779
3,41-D,0,0.5178681015968323
3,41-F,1,0.5483475923538208
3,42-B,2,0.5473073124885559
3,42-C,0,0.540182888507843
3,42-D,0,0.5387586951255798
3,42-F,0,0.5392072796821594
3,42-H,0,0.5271605253219604
3,42-I,1,0.5844757556915283
3,43-B,1,0.5466158390045166
3,43-D,0,0.5218024849891663
3,43-E,0,0.527890145778656
3,43-F,0,0.5287188291549683
3,43-G,0,0.5480664968490601
3,43-H,0,0.5213984847068787
3,43-I,0,0.5378081202507019
3,44-A,0,0.5253694653511047
3,44-B,0,0.5384942889213562
3,44-C,0,0.5181577205657959
3,44-D,0,0.5223530530929565
3,44-E,0,0.5218717455863953
3,44-F,2,0.5654788017272949
3,44-G,2,0.5714292526245117
3,44-H,2,0.5577996373176575
