category,setting,default,variant,status,best_mode,c_index,pvalue,delta_rmst,HR,HR_lo,HR_hi,n_modes_p05,n_patients
lambda_corr,0,False,LAMBDA_CORR=0.0,ok,17,0.670987132525594,0.0013624513421777,365.1766076399408,2.6540341431270305,1.4262984346184977,4.938585826021825,17,498
lambda_corr,1,True,default,ok,1,0.6392411007795623,0.0048080403178979,385.9847037072677,2.3878802069715133,1.2791888328971506,4.457490353423659,3,498
lambda_corr,5,False,LAMBDA_CORR=5.0,ok,2,0.601953601953602,0.0461689056869221,242.7370399722372,1.807024778536744,1.001857123382579,3.259285654646022,1,498
lambda_corr,10,False,LAMBDA_CORR=10.0,ok,10,0.6013900629285245,0.4641556226246994,96.42570642895544,1.2436629538555162,0.6928487528550328,2.2323740014240143,0,498
lambda_corr,100,False,LAMBDA_CORR=100.0,ok,11,0.5979149056072133,0.1231732228951219,188.49905405766003,1.5828309848408315,0.8783233034625426,2.8524279347884125,0,498
lambda_sparse,0,False,LAMBDA_SPARSE=0.0,ok,1,0.6202686202686203,0.0200049918033702,346.7111645213436,2.006880890885036,1.102932822931101,3.651691949375516,3,498
lambda_sparse,0.1,False,LAMBDA_SPARSE=0.1,ok,4,0.654644500798347,0.0319308366371427,315.3594952407234,1.9111472248013908,1.0467036240050618,3.489510909392242,2,498
lambda_sparse,1,True,default,ok,1,0.6392411007795623,0.0048080403178979,385.9847037072677,2.3878802069715133,1.2791888328971506,4.457490353423659,3,498
lambda_sparse,10,False,LAMBDA_SPARSE=10.0,ok,7,0.6458157227387997,0.0009995959153588,463.9651140068595,2.766612646228688,1.470191775625347,5.206222522239867,2,498
lambda_sparse,100,False,LAMBDA_SPARSE=100.0,ok,10,0.6445947215177984,0.0442429068170464,159.45746235598062,0.5374221837003853,0.2906265024701167,0.9937930680048302,2,498
f_act,Identity,True,default,ok,1,0.6392411007795623,0.0048080403178979,385.9847037072677,2.3878802069715133,1.2791888328971506,4.457490353423659,3,498
f_act,ReLU,False,F_ACT=ReLU,ok,1,0.6288156288156288,0.0122558628766988,369.1768567493391,2.115522759910625,1.1613206863710737,3.853747375916321,2,498
f_act,Sigmoid,False,F_ACT=Sigmoid,ok,2,0.5872076641307411,0.0918490829275111,182.1827856571336,1.6769284063913867,0.913205593344141,3.079360114149697,1,498
f_reduce,Mean,True,default,ok,1,0.6392411007795623,0.0048080403178979,385.9847037072677,2.3878802069715133,1.2791888328971506,4.457490353423659,3,498
f_reduce,Max,False,GLOBAL_REDUCE=max,ok,2,0.6697661313045928,0.0019965763001404,312.9836687042466,2.5406997956407045,1.3770241135584271,4.687757743680808,4,498
f_reduce,Sum,False,GLOBAL_REDUCE=sum,ok,2,0.6445007983469522,0.0077724641194177,355.57418373059863,2.269158632097694,1.2202842888724543,4.2195748520053815,17,498
f_map,Stiefel Manifold,True,default,ok,1,0.6392411007795623,0.0048080403178979,385.9847037072677,2.3878802069715133,1.2791888328971506,4.457490353423659,3,498
f_map,Unconstrained,False,USE_STEIFEL_MANIFOLD=False,ok,2,0.6221470836855452,0.0170330655345053,363.7883631082341,2.06602288694736,1.123891438863311,3.79792070816676,3,498
statistic,Geary's C,True,default,ok,1,0.6392411007795623,0.0048080403178979,385.9847037072677,2.3878802069715133,1.2791888328971506,4.457490353423659,3,498
statistic,Moran's I,False,LOCAL_INDEX_FN=moran_index,ok,1,0.6390532544378699,0.0091343641180635,379.4324760493519,0.4574765292270414,0.2503702949696036,0.8359009794633523,1,498
statistic,Getis-Ord G*,False,LOCAL_INDEX_FN=getis_ord_gstar_index,ok,4,0.5668263360571053,0.227492844788969,181.9203735859596,1.441956361552721,0.7932358263458259,2.6212105902991323,0,498
f_affinity,No Affinity,True,default,ok,1,0.6392411007795623,0.0048080403178979,385.9847037072677,2.3878802069715133,1.2791888328971506,4.457490353423659,3,498
f_affinity,Query-key,False,F_THETA=QKTheta,ok,5,0.6360477129707899,0.0012764895782839,420.9184086011314,2.6674441790068744,1.4335902525127222,4.963244159651897,4,498
f_affinity,Shared f_map,False,F_THETA=SharedFMapTheta,ok,4,0.5996055226824457,0.3118892557888082,174.09704196415532,1.3560280797943145,0.7498024410978701,2.4523955276782567,1,498
tau,Learnable,True,default,ok,1,0.6392411007795623,0.0048080403178979,385.9847037072677,2.3878802069715133,1.2791888328971506,4.457490353423659,3,498
tau,Not learnable (=1),False,LEARNABLE_TEMPERATURE=False,ok,1,0.6124729970883818,0.2102670902912857,220.1726883862616,1.4582454923359425,0.8054618729388598,2.640075200778013,3,498
knn,8,False,KNN=8,ok,2,0.6429980276134122,0.00437351610914,393.81859631935504,2.3684620457414765,1.2852886762740394,4.3644766857977535,3,498
knn,16,False,KNN=16,ok,1,0.6218653141730065,0.0895340924785552,293.22862143896737,1.6650021657104626,0.9184895096054948,3.0182513603353467,2,498
knn,32,True,default,ok,1,0.6392411007795623,0.0048080403178979,385.9847037072677,2.3878802069715133,1.2791888328971506,4.457490353423659,3,498
knn,64,False,KNN=64,ok,1,0.644782567859491,0.0107226610070522,361.9179741129728,2.152040207188952,1.1775775773189323,3.9328848838156376,2,498
lr,0.01,False,LR=0.01,ok,1,0.6264675495444727,0.1110115686661097,256.0235289695788,1.6167578578926964,0.890463593292285,2.935443953854938,1,498
lr,0.05,True,default,ok,1,0.6392411007795623,0.0048080403178979,385.9847037072677,2.3878802069715133,1.2791888328971506,4.457490353423659,3,498
lr,0.1,False,LR=0.1,ok,17,0.6125669202592279,0.0001967802840596,490.3434190675316,3.124727967018909,1.660423694963978,5.880381554108059,3,498
