,Head,c-index,pvalue,RMST,HR,HR_lo,HR_hi
0,0,0.3607588992204377,0.004808040317897886,385.9847037072677,2.3878802069715133,1.2791888328971506,4.457490353423659
1,1,0.5519864750633982,0.4504410364676176,195.25508932852108,1.2563653412991231,0.6936581767599089,2.2755500096469
2,2,0.42199680661219124,0.2876783107766363,158.91399384493343,1.372696471036996,0.7634377984023768,2.4681717430557284
3,3,0.4296045834507373,0.053470199188368955,302.3824745142492,1.796816004236864,0.9828634740978486,3.284838472652727
4,4,0.4608809993425378,0.6901903237685356,104.05357694300528,1.1308367828967338,0.6176293271120473,2.0704843073623063
5,5,0.4276321968629661,0.1047296365620654,239.78024412464356,1.6340193493195552,0.8977910744800596,2.973987278161569
6,6,0.443505212735982,0.05084687464969171,269.62674666603925,1.8055873057159786,0.9890874481400945,3.2961145394101887
7,7,0.5080304311073541,0.2635355326933592,223.33574610868118,1.3957148888155535,0.7758885747066689,2.510695626105692
8,8,0.46661031276415893,0.2712460764489373,254.00595012450458,1.394709333867453,0.7692041518387164,2.528865869128667
9,9,0.506058044519583,0.4923666962564244,-13.376916476399856,0.8113450727637781,0.4461684129780342,1.4754088544821953
10,10,0.5010801164647318,0.752056280525603,88.45402782244355,1.0988441345435183,0.6122024198379752,1.9723189469591742
11,11,0.3724053724053724,0.010017733585740377,322.65543698229794,2.179806800412069,1.1868998477881267,4.003334987343348
12,12,0.48492533107917724,0.6405899334920999,66.66057683552117,1.1512758592824497,0.6369876138927645,2.080787876025604
13,13,0.4887761810838734,0.781905841435059,40.209306068366004,1.0862897856151732,0.6052169189822866,1.9497562961659303
14,14,0.5538649384803231,0.5803624505622679,8.306886512448273,0.8472428470148778,0.47038458679944,1.5260288324964528
15,15,0.47769324692401616,0.6050520328851938,53.398392940289796,1.1694937255691176,0.6461347909402941,2.116765098123184
16,16,0.41128956513571896,0.4861860748287067,98.85084529379719,1.2311022249241936,0.6850166306164587,2.2125195513127514
17,17,0.4400300554146708,0.02233938938813641,261.7655745531815,2.0015837534763206,1.0904709550938143,3.673951610967654
18,18,0.47928994082840237,0.41952704771608273,126.25574415850315,1.2761743026985293,0.7048784388347783,2.3104988905041854
19,19,0.4236874236874237,0.6004449375098252,43.202965724420665,1.1692304011058414,0.6509573241747622,2.1001372595403844
