category,setting,default,variant,status,mean_best_dice,max_dice,best_dice_Cell_periphery_1,best_dice_Cell_periphery_2,best_dice_Cell_periphery_3,best_dice_ER_mitochondria_1,best_dice_ER_mitochondria_2,best_dice_Endosomes_golgi_1,best_dice_Endosomes_golgi_2,best_dice_Nuclear_envelope,best_dice_Nucleolus,best_dice_Nucleus
lambda_corr,0,False,LAMBDA_CORR=0.0,ok,0.4235794285143658,0.7456924257188885,0.6130419841447804,0.5919138366485847,0.3203122790144655,0.3794094098808012,0.3835171064029621,0.5638081276976188,0.0516702905712489,0.0983267274537559,0.7456924257188885,0.488102097610552
lambda_corr,1,True,default,ok,0.44221531987325413,0.8398894154817497,0.5330799521971149,0.5868776788657541,0.3163177135260359,0.4887354397711645,0.3471204653434186,0.5767576487136397,0.0767780454592864,0.1256038647342703,0.8398894154817497,0.5309929746401076
lambda_corr,5,False,LAMBDA_CORR=5.0,ok,0.4185367340221319,0.7359761912246287,0.5201098078362346,0.6177676722562205,0.3072467718305497,0.3634575252880566,0.3490865884449207,0.5842101302023656,0.0758991268241815,0.151796991617823,0.7359761912246287,0.4798165346963375
lambda_corr,10,False,LAMBDA_CORR=10.0,ok,0.3649465211996627,0.7333932347681784,0.4224600938966607,0.3128699310276847,0.37652925146395,0.4167886774035459,0.3388258980607795,0.4340384649598032,0.0939112124933869,0.142675924689497,0.7333932347681784,0.3779725232331405
lambda_corr,100,False,LAMBDA_CORR=100.0,ok,0.32155432679989243,0.4615251684893399,0.2657512454472773,0.4521024343976665,0.2637362637362055,0.3428067480298792,0.3781886822549911,0.4607750152427917,0.1115943218182852,0.143674945121102,0.4615251684893399,0.3353884434613858
lambda_sparse,0,False,LAMBDA_SPARSE=0.0,ok,0.44315589507495395,0.8522346019629455,0.5393811000983072,0.5914133738601262,0.3658510360505098,0.4812229897165813,0.3339380097878846,0.5658044413669377,0.06293173264731,0.1227370790732289,0.8522346019629455,0.5160445861857084
lambda_sparse,0.1,False,LAMBDA_SPARSE=0.1,ok,0.4424283717057291,0.8481641970053732,0.5362514242308644,0.5896130249669929,0.3622353031113275,0.4724736678687725,0.3395406660995433,0.5832857911293448,0.0608440575321582,0.1176305708679534,0.8481641970053732,0.5142450142449612
lambda_sparse,1,True,default,ok,0.44221531987325413,0.8398894154817497,0.5330799521971149,0.5868776788657541,0.3163177135260359,0.4887354397711645,0.3471204653434186,0.5767576487136397,0.0767780454592864,0.1256038647342703,0.8398894154817497,0.5309929746401076
lambda_sparse,10,False,LAMBDA_SPARSE=10.0,ok,0.4237078109302936,0.7353134446050039,0.5476539797627431,0.5325056433408077,0.3375893085358467,0.5129598710345429,0.3809882738049961,0.5272091365677324,0.069668606121915,0.0711327896755656,0.7353134446050039,0.5220570558537821
lambda_sparse,100,False,LAMBDA_SPARSE=100.0,ok,0.40914750271213796,0.7324829532094275,0.5380074156112546,0.5365839336047079,0.2745777168925812,0.4573104200763151,0.3806671908829044,0.5041463704407148,0.0857882410945131,0.0838645133628458,0.7324829532094275,0.4980462719461156
f_act,Identity,True,default,ok,0.44221531987325413,0.8398894154817497,0.5330799521971149,0.5868776788657541,0.3163177135260359,0.4887354397711645,0.3471204653434186,0.5767576487136397,0.0767780454592864,0.1256038647342703,0.8398894154817497,0.5309929746401076
f_act,ReLU,False,F_ACT=ReLU,ok,0.4422164231992953,0.8399040312786115,0.5330655826026808,0.5868643668631811,0.3163614609989836,0.4887411213540311,0.3471098233811406,0.5767498478392403,0.0767800560399935,0.1255892803232332,0.8399040312786115,0.5309986613118575
f_act,Sigmoid,False,F_ACT=Sigmoid,ok,0.43276889881002073,0.6955582739274733,0.5227440166711724,0.5942691875099787,0.3648488861561171,0.3909534342087344,0.3708087633968525,0.652685012022333,0.0669267488914035,0.2254283712337647,0.6955582739274733,0.4434662940823772
f_reduce,Mean,True,default,ok,0.44221531987325413,0.8398894154817497,0.5330799521971149,0.5868776788657541,0.3163177135260359,0.4887354397711645,0.3471204653434186,0.5767576487136397,0.0767780454592864,0.1256038647342703,0.8398894154817497,0.5309929746401076
f_reduce,Max,False,GLOBAL_REDUCE_FN=amax,ok,0.4409532407172905,0.8022789264468295,0.6239857730353869,0.6423469158541891,0.3306332739039026,0.3999902536487415,0.3903243018912207,0.6082175134805791,0.050454772613683,0.0637769637769508,0.8022789264468295,0.4975237125214212
f_reduce,Sum,False,GLOBAL_REDUCE_FN=sum,ok,0.432503850327862,0.7706364092182983,0.6262879130303042,0.6077144167215845,0.3481216603896249,0.3924743879535787,0.4518674928172831,0.5342947273545955,0.0423099919108004,0.054978962131827,0.7706364092182983,0.496352541750723
f_map,Stiefel Manifold,True,default,ok,0.44221531987325413,0.8398894154817497,0.5330799521971149,0.5868776788657541,0.3163177135260359,0.4887354397711645,0.3471204653434186,0.5767576487136397,0.0767780454592864,0.1256038647342703,0.8398894154817497,0.5309929746401076
f_map,Learnable,False,USE_STEIFEL=False,ok,0.4716065108836749,0.8539524208853022,0.6082965746013282,0.6500286303870342,0.4648165239807032,0.4983979795694651,0.4080845937624939,0.562068030023052,0.0514456469067898,0.1019937929088446,0.8539524208853022,0.5169809158117351
statistic,Geary's C,True,default,ok,0.44221531987325413,0.8398894154817497,0.5330799521971149,0.5868776788657541,0.3163177135260359,0.4887354397711645,0.3471204653434186,0.5767576487136397,0.0767780454592864,0.1256038647342703,0.8398894154817497,0.5309929746401076
statistic,Moran's I,False,LOCAL_INDEX=moran_index_OBJECTIVE=maximize,ok,0.44412030464867736,0.8478110610293078,0.5377247753478988,0.5877663333866782,0.3268921362105315,0.4931724686278687,0.3470062446430372,0.5700681189720685,0.0780972100554596,0.1285364840540618,0.8478110610293078,0.5241282141598612
statistic,Getis-Ord G*,False,LOCAL_INDEX=getis_ord_gstar_index_OBJECTIVE=maximize,ok,0.3201106551485096,0.5418541050398458,0.5418541050398458,0.3958699105425416,0.2751911772355555,0.2655881988347177,0.2933137970216654,0.3849254970158521,0.1007682687153232,0.1008198537557606,0.5221147397496366,0.3206610035741972
f_affinity,No Affinity,True,default,ok,0.44221531987325413,0.8398894154817497,0.5330799521971149,0.5868776788657541,0.3163177135260359,0.4887354397711645,0.3471204653434186,0.5767576487136397,0.0767780454592864,0.1256038647342703,0.8398894154817497,0.5309929746401076
f_affinity,Query-key,False,F_THETA=QKTheta,ok,0.3292815975037985,0.5686616486137854,0.3334084337801184,0.340229523040818,0.2437865605605476,0.2225770883235955,0.201437613989872,0.5686616486137854,0.1975911732500651,0.2173257733437039,0.5249719610638838,0.4428261990715951
f_affinity,Shared f_map,False,F_THETA=SharedFMapTheta,ok,0.35742270650838665,0.5880828405154457,0.3208286252353445,0.389829300452516,0.3519248009996599,0.2504311679122075,0.257641048019008,0.575382406057448,0.1081671132280359,0.253774544316472,0.5880828405154457,0.4781652183477289
tau,Learnable,True,default,ok,0.44221531987325413,0.8398894154817497,0.5330799521971149,0.5868776788657541,0.3163177135260359,0.4887354397711645,0.3471204653434186,0.5767576487136397,0.0767780454592864,0.1256038647342703,0.8398894154817497,0.5309929746401076
tau,Not learnable (=1),False,LEARNABLE_TEMPERATURE=False,ok,0.43705000487176304,0.8498801410104959,0.5417010290795169,0.5751438054173448,0.3205234979178583,0.5044895703825959,0.3542902819195997,0.5346113671274305,0.0670353233269231,0.1186471925763323,0.8498801410104959,0.5041778399595328
knn,8,False,KNN=8,ok,0.43004847733345475,0.7478115504952111,0.4680942645001054,0.5874979067485722,0.3435475327003089,0.4571082844753659,0.309712391866039,0.6229873244260666,0.0928372229560792,0.135703057328884,0.7478115504952111,0.5351852378379155
knn,16,False,KNN=16,ok,0.4418880670660824,0.8024423252446204,0.5208246763624186,0.5969629637213835,0.3360605514506513,0.4932662499364114,0.3446188448102186,0.547193513389975,0.0918576485932265,0.1458229529978005,0.8024423252446204,0.5398309441541183
knn,32,True,default,ok,0.44221531987325413,0.8398894154817497,0.5330799521971149,0.5868776788657541,0.3163177135260359,0.4887354397711645,0.3471204653434186,0.5767576487136397,0.0767780454592864,0.1256038647342703,0.8398894154817497,0.5309929746401076
knn,64,False,KNN=64,ok,0.4403475886518396,0.8450922565032474,0.5408569637523009,0.5745033262433294,0.3355132719793544,0.5078006928781758,0.3390948923516261,0.5528745980706684,0.071114104938997,0.1211833635913267,0.8450922565032474,0.5154424162093701
lr,0.01,False,LR=0.01,ok,0.4305457222855826,0.8136044454767262,0.5648917310958164,0.6060876669642791,0.3301924390798892,0.5188531275487146,0.3027205237067073,0.5196397553605338,0.0588997575453434,0.0801538556982277,0.8136044454767262,0.5104139203795882
lr,0.05,True,default,ok,0.44221531987325413,0.8398894154817497,0.5330799521971149,0.5868776788657541,0.3163177135260359,0.4887354397711645,0.3471204653434186,0.5767576487136397,0.0767780454592864,0.1256038647342703,0.8398894154817497,0.5309929746401076
lr,0.1,False,LR=0.1,ok,0.44764216965838266,0.700991545767592,0.5572592899571172,0.5939505241639509,0.3451395671618182,0.5332934717616278,0.3402722078947273,0.6013504489128736,0.0939054934045437,0.1623618546694961,0.700991545767592,0.5478972928900793
