graph,model,module,lisa_cluster,region,dice,hotspot_size,region_size,intersection,n_markers,markers
knn,none,1,High-High,Nucleolus,0.7141704648099516,93225,51802,51787,5,Yap/Taz;NUPS;Climp63;PCNA;DAPI_01
knn,none,2,High-High,Nucleolus,0.6248166804820108,105028,51802,48995,4,LC3B;PKM2;FBL;p-4EBP1
knn,none,6,High-High,Nucleolus,0.5719944144579223,97154,51802,42601,4,CCNB1;p-ERK;p-AMPK;p-GSK3B
knn,none,5,High-High,Endosomes_golgi_1,0.5576765076408285,50626,22402,20363,3,GM130;LAMP1;RAB11
knn,none,3,Low-Low,Cell_periphery_1,0.5034157914936321,105420,37885,36071,9,CRT;TUBA1A;HSP60;TFRC;GSK3A/B;SARA;ABCD3;PCNT;EEA1
knn,none,3,Low-Low,Cell_periphery_2,0.5019555794021361,105420,36226,35550,9,CRT;TUBA1A;HSP60;TFRC;GSK3A/B;SARA;ABCD3;PCNT;EEA1
knn,none,4,Low-Low,Cell_periphery_1,0.4773353049153275,119011,37885,37446,4,VIME;TSG101;TGN46;p-MEK
knn,none,2,Low-Low,Cell_periphery_1,0.47235689243174844,121558,37885,37657,4,LC3B;PKM2;FBL;p-4EBP1
knn,none,3,High-High,ER_mitochondria_1,0.46543418618001775,91724,33660,29179,9,CRT;TUBA1A;HSP60;TFRC;GSK3A/B;SARA;ABCD3;PCNT;EEA1
knn,none,4,Low-Low,Cell_periphery_2,0.46463149893385824,119011,36226,36064,4,VIME;TSG101;TGN46;p-MEK
knn,none,1,High-High,Nucleus,0.4644362811567381,93225,28458,28257,5,Yap/Taz;NUPS;Climp63;PCNA;DAPI_01
knn,none,4,High-High,Nucleolus,0.46252028825550456,102228,51802,35621,4,VIME;TSG101;TGN46;p-MEK
knn,none,2,Low-Low,Cell_periphery_2,0.457473508086976,121558,36226,36091,4,LC3B;PKM2;FBL;p-4EBP1
knn,none,1,Low-Low,Cell_periphery_1,0.45477705453567524,126191,37885,37309,5,Yap/Taz;NUPS;Climp63;PCNA;DAPI_01
knn,none,6,Low-Low,Cell_periphery_1,0.45317259959422207,115412,37885,34735,4,CCNB1;p-ERK;p-AMPK;p-GSK3B
knn,none,7,Low-Low,Nucleolus,0.4489138764916601,103475,51802,34853,3,VINC;Actin;CTNNB1
knn,none,1,Low-Low,Cell_periphery_2,0.4436481402808546,126191,36226,36028,5,Yap/Taz;NUPS;Climp63;PCNA;DAPI_01
knn,none,3,High-High,Nucleus,0.4328768035146334,91724,28458,26012,9,CRT;TUBA1A;HSP60;TFRC;GSK3A/B;SARA;ABCD3;PCNT;EEA1
knn,none,6,Low-Low,Cell_periphery_2,0.43126393120455087,115412,36226,32698,4,CCNB1;p-ERK;p-AMPK;p-GSK3B
knn,none,7,Low-Low,Cell_periphery_2,0.4237049126348112,103475,36226,29596,3,VINC;Actin;CTNNB1
knn,none,6,High-High,Nucleus,0.4167754673120071,97154,28458,26176,4,CCNB1;p-ERK;p-AMPK;p-GSK3B
knn,none,2,High-High,Nucleus,0.40667935214176715,105028,28458,27143,4,LC3B;PKM2;FBL;p-4EBP1
knn,none,4,High-High,Nucleus,0.40645516734765724,102228,28458,26559,4,VIME;TSG101;TGN46;p-MEK
knn,none,5,Low-Low,Cell_periphery_2,0.4010858455125641,114440,36226,30215,3,GM130;LAMP1;RAB11
knn,none,3,High-High,Endosomes_golgi_1,0.3925485866498088,91724,22402,22400,9,CRT;TUBA1A;HSP60;TFRC;GSK3A/B;SARA;ABCD3;PCNT;EEA1
knn,none,5,High-High,Nucleus,0.3850842142531504,50626,28458,15227,3,GM130;LAMP1;RAB11
knn,none,5,Low-Low,Cell_periphery_1,0.38484818644343444,114440,37885,29311,3,GM130;LAMP1;RAB11
knn,none,2,Low-Low,ER_mitochondria_2,0.3711932231576518,121558,32378,28570,4,LC3B;PKM2;FBL;p-4EBP1
knn,none,1,Low-Low,ER_mitochondria_2,0.36748670925588434,126191,32378,29136,5,Yap/Taz;NUPS;Climp63;PCNA;DAPI_01
knn,none,4,Low-Low,ER_mitochondria_2,0.36025074477007174,119011,32378,27269,4,VIME;TSG101;TGN46;p-MEK
knn,none,4,High-High,Endosomes_golgi_1,0.3562224183583121,102228,22402,22198,4,VIME;TSG101;TGN46;p-MEK
knn,none,7,High-High,Cell_periphery_3,0.3292563435483048,95600,22788,19490,3,VINC;Actin;CTNNB1
knn,none,7,High-High,Endosomes_golgi_1,0.3166556499042121,95600,22402,18683,3,VINC;Actin;CTNNB1
knn,none,7,High-High,Cell_periphery_1,0.31416263999697985,95600,37885,20968,3,VINC;Actin;CTNNB1
knn,none,2,High-High,Endosomes_golgi_1,0.31295613277875595,105028,22402,19940,4,LC3B;PKM2;FBL;p-4EBP1
knn,none,6,Low-Low,ER_mitochondria_2,0.3097909195479863,115412,32378,22892,4,CCNB1;p-ERK;p-AMPK;p-GSK3B
knn,none,7,Low-Low,ER_mitochondria_2,0.2944064540348542,103475,32378,19998,3,VINC;Actin;CTNNB1
knn,none,5,Low-Low,ER_mitochondria_2,0.2645179746352447,114440,32378,19418,3,GM130;LAMP1;RAB11
knn,none,4,High-High,ER_mitochondria_1,0.24116919816317545,102228,33660,16386,4,VIME;TSG101;TGN46;p-MEK
knn,none,3,Low-Low,ER_mitochondria_2,0.23074355215603776,105420,32378,15898,9,CRT;TUBA1A;HSP60;TFRC;GSK3A/B;SARA;ABCD3;PCNT;EEA1
knn,none,7,High-High,Nucleus,0.23040835738120635,95600,28458,14292,3,VINC;Actin;CTNNB1
knn,none,6,High-High,Endosomes_golgi_1,0.22822777610490247,97154,22402,13643,4,CCNB1;p-ERK;p-AMPK;p-GSK3B
knn,none,1,Low-Low,Cell_periphery_3,0.19837695245637313,126191,22788,14777,5,Yap/Taz;NUPS;Climp63;PCNA;DAPI_01
knn,none,4,Low-Low,Cell_periphery_3,0.1957841733721538,119011,22788,13881,4,VIME;TSG101;TGN46;p-MEK
knn,none,2,Low-Low,Cell_periphery_3,0.19417233591507943,121558,22788,14014,4,LC3B;PKM2;FBL;p-4EBP1
knn,none,5,Low-Low,Nucleolus,0.19270701748052882,114440,51802,16018,3,GM130;LAMP1;RAB11
knn,none,6,Low-Low,Cell_periphery_3,0.19098408104195433,115412,22788,13197,4,CCNB1;p-ERK;p-AMPK;p-GSK3B
knn,none,7,High-High,ER_mitochondria_1,0.1858115426272485,95600,33660,12009,3,VINC;Actin;CTNNB1
knn,none,6,High-High,ER_mitochondria_1,0.1648141636216181,97154,33660,10780,4,CCNB1;p-ERK;p-AMPK;p-GSK3B
knn,none,5,High-High,ER_mitochondria_1,0.15644353747951542,50626,33660,6593,3,GM130;LAMP1;RAB11
knn,none,3,Low-Low,Nucleolus,0.15636488532138273,105420,51802,12292,9,CRT;TUBA1A;HSP60;TFRC;GSK3A/B;SARA;ABCD3;PCNT;EEA1
knn,none,5,Low-Low,Cell_periphery_3,0.1301629405077586,114440,22788,8931,3,GM130;LAMP1;RAB11
knn,none,5,High-High,Nucleolus,0.12760182762524627,50626,51802,6535,3,GM130;LAMP1;RAB11
knn,none,1,High-High,Endosomes_golgi_1,0.11857092201647379,93225,22402,6855,5,Yap/Taz;NUPS;Climp63;PCNA;DAPI_01
knn,none,2,High-High,ER_mitochondria_1,0.1087765343793184,105028,33660,7543,4,LC3B;PKM2;FBL;p-4EBP1
knn,none,1,Low-Low,ER_mitochondria_1,0.10783792406678044,126191,33660,8619,5,Yap/Taz;NUPS;Climp63;PCNA;DAPI_01
knn,none,3,High-High,Nucleolus,0.10607137382773113,91724,51802,7612,9,CRT;TUBA1A;HSP60;TFRC;GSK3A/B;SARA;ABCD3;PCNT;EEA1
knn,none,7,Low-Low,ER_mitochondria_1,0.09600758376781303,103475,33660,6583,3,VINC;Actin;CTNNB1
knn,none,6,Low-Low,ER_mitochondria_1,0.09529623269292051,115412,33660,7103,4,CCNB1;p-ERK;p-AMPK;p-GSK3B
knn,none,7,Low-Low,Nucleus,0.08903003797381329,103475,28458,5873,3,VINC;Actin;CTNNB1
knn,none,5,Low-Low,ER_mitochondria_1,0.08162052667116261,114440,33660,6044,3,GM130;LAMP1;RAB11
knn,none,3,Low-Low,Cell_periphery_3,0.07486272307499728,105420,22788,4799,9,CRT;TUBA1A;HSP60;TFRC;GSK3A/B;SARA;ABCD3;PCNT;EEA1
knn,none,3,High-High,Cell_periphery_3,0.0714684923850713,91724,22788,4092,9,CRT;TUBA1A;HSP60;TFRC;GSK3A/B;SARA;ABCD3;PCNT;EEA1
knn,none,1,High-High,Nuclear_envelope,0.06691503524287486,93225,3674,3242,5,Yap/Taz;NUPS;Climp63;PCNA;DAPI_01
knn,none,7,Low-Low,Cell_periphery_1,0.06642614601018206,103475,37885,4695,3,VINC;Actin;CTNNB1
knn,none,7,High-High,Nucleolus,0.06484308218341238,95600,51802,4779,3,VINC;Actin;CTNNB1
knn,none,2,Low-Low,ER_mitochondria_1,0.053151052068699946,121558,33660,4125,4,LC3B;PKM2;FBL;p-4EBP1
knn,none,7,High-High,ER_mitochondria_2,0.043069902639512804,95600,32378,2756,3,VINC;Actin;CTNNB1
knn,none,5,Low-Low,Nuclear_envelope,0.03273109030258625,114440,3674,1933,3,GM130;LAMP1;RAB11
knn,none,7,High-High,Nuclear_envelope,0.031972117573581,95600,3674,1587,3,VINC;Actin;CTNNB1
knn,none,1,High-High,ER_mitochondria_1,0.0307049690664751,93225,33660,1948,5,Yap/Taz;NUPS;Climp63;PCNA;DAPI_01
knn,none,5,Low-Low,Nucleus,0.02918165404694053,114440,28458,2085,3,GM130;LAMP1;RAB11
knn,none,4,Low-Low,Nuclear_envelope,0.027224192036514064,119011,3674,1670,4,VIME;TSG101;TGN46;p-MEK
knn,none,5,High-High,Cell_periphery_3,0.025008853897073448,50626,22788,918,3,GM130;LAMP1;RAB11
knn,none,6,Low-Low,Endosomes_golgi_2,0.022424475494592793,115412,1603,1312,4,CCNB1;p-ERK;p-AMPK;p-GSK3B
knn,none,6,High-High,ER_mitochondria_2,0.022233888151188725,97154,32378,1440,4,CCNB1;p-ERK;p-AMPK;p-GSK3B
knn,none,6,High-High,Cell_periphery_3,0.02149372196561492,97154,22788,1289,4,CCNB1;p-ERK;p-AMPK;p-GSK3B
knn,none,3,High-High,Endosomes_golgi_2,0.020958565045482984,91724,1603,978,9,CRT;TUBA1A;HSP60;TFRC;GSK3A/B;SARA;ABCD3;PCNT;EEA1
knn,none,4,High-High,Endosomes_golgi_2,0.019069449393724507,102228,1603,990,4,VIME;TSG101;TGN46;p-MEK
knn,none,3,High-High,ER_mitochondria_2,0.01866206829865605,91724,32378,1158,9,CRT;TUBA1A;HSP60;TFRC;GSK3A/B;SARA;ABCD3;PCNT;EEA1
knn,none,6,Low-Low,Nuclear_envelope,0.01818853601598692,115412,3674,1083,4,CCNB1;p-ERK;p-AMPK;p-GSK3B
knn,none,4,Low-Low,ER_mitochondria_1,0.01781608818963537,119011,33660,1360,4,VIME;TSG101;TGN46;p-MEK
knn,none,6,High-High,Nuclear_envelope,0.017733169357716336,97154,3674,894,4,CCNB1;p-ERK;p-AMPK;p-GSK3B
knn,none,5,High-High,Endosomes_golgi_2,0.017423270596791548,50626,1603,455,3,GM130;LAMP1;RAB11
knn,none,7,Low-Low,Nuclear_envelope,0.01711635199581731,103475,3674,917,3,VINC;Actin;CTNNB1
knn,none,6,Low-Low,Endosomes_golgi_1,0.01612318051866892,115412,22402,1111,4,CCNB1;p-ERK;p-AMPK;p-GSK3B
knn,none,4,Low-Low,Nucleolus,0.014296335758987061,119011,51802,1221,4,VIME;TSG101;TGN46;p-MEK
knn,none,1,High-High,Cell_periphery_3,0.013826036737261013,93225,22788,802,5,Yap/Taz;NUPS;Climp63;PCNA;DAPI_01
knn,none,6,Low-Low,Nucleolus,0.013671104094153978,115412,51802,1143,4,CCNB1;p-ERK;p-AMPK;p-GSK3B
knn,none,2,Low-Low,Nuclear_envelope,0.013111664750222539,121558,3674,821,4,LC3B;PKM2;FBL;p-4EBP1
knn,none,3,Low-Low,Nuclear_envelope,0.01283296973252307,105420,3674,700,9,CRT;TUBA1A;HSP60;TFRC;GSK3A/B;SARA;ABCD3;PCNT;EEA1
knn,none,7,High-High,Cell_periphery_2,0.012304097825921114,95600,36226,811,3,VINC;Actin;CTNNB1
knn,none,2,High-High,Endosomes_golgi_2,0.012004013842127336,105028,1603,640,4,LC3B;PKM2;FBL;p-4EBP1
knn,none,2,High-High,Nuclear_envelope,0.010174605803020167,105028,3674,553,4,LC3B;PKM2;FBL;p-4EBP1
knn,none,7,Low-Low,Endosomes_golgi_2,0.009288338186869822,103475,1603,488,3,VINC;Actin;CTNNB1
knn,none,5,Low-Low,Endosomes_golgi_2,0.0073593409339635,114440,1603,427,3,GM130;LAMP1;RAB11
knn,none,5,High-High,ER_mitochondria_2,0.0072285672979606735,50626,32378,300,3,GM130;LAMP1;RAB11
knn,none,3,High-High,Nuclear_envelope,0.005891108828276705,91724,3674,281,9,CRT;TUBA1A;HSP60;TFRC;GSK3A/B;SARA;ABCD3;PCNT;EEA1
knn,none,7,Low-Low,Cell_periphery_3,0.00563902330849056,103475,22788,356,3,VINC;Actin;CTNNB1
knn,none,4,High-High,Cell_periphery_3,0.005279324246496026,102228,22788,330,4,VIME;TSG101;TGN46;p-MEK
knn,none,7,High-High,Endosomes_golgi_2,0.004629486744235813,95600,1603,225,3,VINC;Actin;CTNNB1
knn,none,1,Low-Low,Endosomes_golgi_2,0.004194250121288622,126191,1603,268,5,Yap/Taz;NUPS;Climp63;PCNA;DAPI_01
knn,none,1,High-High,Endosomes_golgi_2,0.003606529716960855,93225,1603,171,5,Yap/Taz;NUPS;Climp63;PCNA;DAPI_01
knn,none,2,High-High,Cell_periphery_3,0.003301621080302677,105028,22788,211,4,LC3B;PKM2;FBL;p-4EBP1
knn,none,5,High-High,Nuclear_envelope,0.003020257826887105,50626,3674,82,3,GM130;LAMP1;RAB11
knn,none,6,High-High,Cell_periphery_2,0.0027440395861446434,97154,36226,183,4,CCNB1;p-ERK;p-AMPK;p-GSK3B
knn,none,5,High-High,Cell_periphery_1,0.0023047982736606404,50626,37885,102,3,GM130;LAMP1;RAB11
knn,none,1,High-High,ER_mitochondria_2,0.0022770156763769756,93225,32378,143,5,Yap/Taz;NUPS;Climp63;PCNA;DAPI_01
knn,none,6,High-High,Cell_periphery_1,0.0020882856063802243,97154,37885,141,4,CCNB1;p-ERK;p-AMPK;p-GSK3B
knn,none,6,Low-Low,Nucleus,0.0019183985542502314,115412,28458,138,4,CCNB1;p-ERK;p-AMPK;p-GSK3B
knn,none,7,Low-Low,Endosomes_golgi_1,0.0018430690277014988,103475,22402,116,3,VINC;Actin;CTNNB1
knn,none,2,Low-Low,Endosomes_golgi_2,0.0017050852136632777,121558,1603,105,4,LC3B;PKM2;FBL;p-4EBP1
knn,none,4,High-High,Nuclear_envelope,0.001416403845064171,102228,3674,75,4,VIME;TSG101;TGN46;p-MEK
knn,none,4,Low-Low,Endosomes_golgi_2,0.0012768003714327294,119011,1603,77,4,VIME;TSG101;TGN46;p-MEK
knn,none,5,High-High,Cell_periphery_2,0.001174411642794504,50626,36226,51,3,GM130;LAMP1;RAB11
knn,none,2,Low-Low,Nucleolus,0.0011652053530225447,121558,51802,101,4,LC3B;PKM2;FBL;p-4EBP1
knn,none,4,High-High,ER_mitochondria_2,0.001025214329227447,102228,32378,69,4,VIME;TSG101;TGN46;p-MEK
knn,none,3,Low-Low,ER_mitochondria_1,0.000891573195283226,105420,33660,62,9,CRT;TUBA1A;HSP60;TFRC;GSK3A/B;SARA;ABCD3;PCNT;EEA1
knn,none,5,Low-Low,Endosomes_golgi_1,0.0008476929597637532,114440,22402,58,3,GM130;LAMP1;RAB11
knn,none,3,Low-Low,Endosomes_golgi_2,0.0007661904450444515,105420,1603,41,9,CRT;TUBA1A;HSP60;TFRC;GSK3A/B;SARA;ABCD3;PCNT;EEA1
knn,none,2,Low-Low,Endosomes_golgi_1,0.0006807446512919782,121558,22402,49,4,LC3B;PKM2;FBL;p-4EBP1
knn,none,1,Low-Low,Endosomes_golgi_1,0.0004307066954701479,126191,22402,32,5,Yap/Taz;NUPS;Climp63;PCNA;DAPI_01
knn,none,2,Low-Low,Nucleus,0.0003332977815699436,121558,28458,25,4,LC3B;PKM2;FBL;p-4EBP1
knn,none,4,Low-Low,Nucleus,0.00029836779255299086,119011,28458,22,4,VIME;TSG101;TGN46;p-MEK
knn,none,1,Low-Low,Nuclear_envelope,0.00027721094983249706,126191,3674,18,5,Yap/Taz;NUPS;Climp63;PCNA;DAPI_01
knn,none,1,High-High,Cell_periphery_1,0.00021356113187398262,93225,37885,14,5,Yap/Taz;NUPS;Climp63;PCNA;DAPI_01
knn,none,3,High-High,Cell_periphery_1,0.00015431027166322136,91724,37885,10,9,CRT;TUBA1A;HSP60;TFRC;GSK3A/B;SARA;ABCD3;PCNT;EEA1
knn,none,6,High-High,Endosomes_golgi_2,0.00014176210293952412,97154,1603,7,4,CCNB1;p-ERK;p-AMPK;p-GSK3B
knn,none,3,Low-Low,Nucleus,0.0001045728200301689,105420,28458,7,9,CRT;TUBA1A;HSP60;TFRC;GSK3A/B;SARA;ABCD3;PCNT;EEA1
knn,none,1,High-High,Cell_periphery_2,9.269916802495982e-05,93225,36226,6,5,Yap/Taz;NUPS;Climp63;PCNA;DAPI_01
knn,none,1,Low-Low,Nucleus,5.1730046751026405e-05,126191,28458,4,5,Yap/Taz;NUPS;Climp63;PCNA;DAPI_01
knn,none,2,High-High,ER_mitochondria_2,4.366621544910384e-05,105028,32378,3,4,LC3B;PKM2;FBL;p-4EBP1
knn,none,3,High-High,Cell_periphery_2,3.1262211801482514e-05,91724,36226,2,9,CRT;TUBA1A;HSP60;TFRC;GSK3A/B;SARA;ABCD3;PCNT;EEA1
knn,none,4,Low-Low,Endosomes_golgi_1,1.4142971296838752e-05,119011,22402,1,4,VIME;TSG101;TGN46;p-MEK
knn,none,4,High-High,Cell_periphery_1,0.0,102228,37885,0,4,VIME;TSG101;TGN46;p-MEK
knn,none,4,High-High,Cell_periphery_2,0.0,102228,36226,0,4,VIME;TSG101;TGN46;p-MEK
knn,none,1,Low-Low,Nucleolus,0.0,126191,51802,0,5,Yap/Taz;NUPS;Climp63;PCNA;DAPI_01
knn,none,2,High-High,Cell_periphery_2,0.0,105028,36226,0,4,LC3B;PKM2;FBL;p-4EBP1
knn,none,3,Low-Low,Endosomes_golgi_1,0.0,105420,22402,0,9,CRT;TUBA1A;HSP60;TFRC;GSK3A/B;SARA;ABCD3;PCNT;EEA1
knn,none,2,High-High,Cell_periphery_1,0.0,105028,37885,0,4,LC3B;PKM2;FBL;p-4EBP1
