gene,lisa_cluster,region,dice,hotspot_size,region_size,intersection,morans_i,rank
DAPI_01,High-High,Nucleolus,0.7457844614419162,86911,51802,51725,0.6992807587233814,17
PCNA,High-High,Nucleolus,0.7327750366337445,89461,51802,51757,0.7330970411235681,14
FBL,High-High,Nucleolus,0.6578856002082676,86450,51802,45477,0.6836216247065872,19
Climp63,High-High,Nucleolus,0.6534676663542217,101846,51802,50202,0.8151571943734802,7
NUPS,High-High,Nucleolus,0.6402970756614178,109773,51802,51728,0.8824354106353094,3
Yap/Taz,High-High,Nucleolus,0.6398531039339571,107222,51802,50876,0.9457081455056198,1
VINC,Low-Low,Nucleolus,0.6195408698353929,102664,51802,47849,0.818767982896984,6
LC3B,High-High,Nucleolus,0.6019531818602467,99336,51802,45489,0.742583094015307,12
CCNE1,High-High,Nucleolus,0.5734404104775094,94759,51802,42022,0.6874358982247967,18
PKM2,High-High,Nucleolus,0.565499741676385,101107,51802,43235,0.721304066371717,15
CRT,Low-Low,Cell_periphery_1,0.5078685529810898,105534,37885,36419,0.9213184646145515,2
CRT,Low-Low,Cell_periphery_2,0.4918030474040284,105534,36226,34859,0.9213184646145515,2
GSK3A/B,Low-Low,Cell_periphery_2,0.4867066577797165,98804,36226,32860,0.7940303495706408,9
Yap/Taz,Low-Low,Cell_periphery_1,0.4865587445024872,111729,37885,36398,0.9457081455056198,1
LC3B,Low-Low,Cell_periphery_1,0.4789249307498218,105436,37885,34320,0.742583094015307,12
GSK3A/B,Low-Low,Cell_periphery_1,0.4768928004447704,98804,37885,32593,0.7940303495706408,9
PCNA,High-High,Nucleus,0.4740203020717209,89461,28458,27948,0.7330970411235681,14
DAPI_01,High-High,Nucleus,0.4739401398988919,86911,28458,27339,0.6992807587233814,17
Yap/Taz,Low-Low,Cell_periphery_2,0.4716704403365569,111729,36226,34893,0.9457081455056198,1
SARA,Low-Low,Cell_periphery_1,0.4693173335586492,104117,37885,33322,0.7340194179335899,13
PKM2,Low-Low,Cell_periphery_1,0.4656500507399547,108942,37885,34185,0.721304066371717,15
LC3B,Low-Low,Cell_periphery_2,0.4638364557890991,105436,36226,32854,0.742583094015307,12
NUPS,Low-Low,Cell_periphery_1,0.4636923434413549,117041,37885,35919,0.8824354106353094,3
SARA,Low-Low,Cell_periphery_2,0.4599445643886435,104117,36226,32275,0.7340194179335899,13
NUPS,Low-Low,Cell_periphery_2,0.4557797829930476,117041,36226,34928,0.8824354106353094,3
PKM2,Low-Low,Cell_periphery_2,0.4549625261765365,108942,36226,33023,0.721304066371717,15
Climp63,Low-Low,Cell_periphery_1,0.4524230987608661,111820,37885,33865,0.8151571943734802,7
ABCD3,High-High,ER_mitochondria_1,0.4520432534375931,95717,33660,29242,0.704859201084911,16
FBL,Low-Low,Cell_periphery_1,0.4467616829419113,102512,37885,31362,0.6836216247065872,19
HSP60,High-High,ER_mitochondria_1,0.4449221071838017,111026,33660,32187,0.8542720762777769,5
TFRC,Low-Low,Cell_periphery_2,0.4445379920016515,101553,36226,30624,0.8149422761339029,8
Climp63,Low-Low,Cell_periphery_2,0.4444294340947783,111820,36226,32898,0.8151571943734802,7
FBL,Low-Low,Cell_periphery_2,0.4385388285833413,102512,36226,30421,0.6836216247065872,19
FBL,High-High,Nucleus,0.4312145368468313,86450,28458,24775,0.6836216247065872,19
VIME,Low-Low,Cell_periphery_1,0.4214603218358828,107220,37885,30578,0.6774169075438089,20
ABCD3,Low-Low,Cell_periphery_1,0.4197213173095061,108231,37885,30664,0.704859201084911,16
VIME,Low-Low,Cell_periphery_2,0.416742188698157,107220,36226,29890,0.6774169075438089,20
Climp63,High-High,Nucleus,0.4122973968565499,101846,28458,26862,0.8151571943734802,7
CCNE1,Low-Low,Cell_periphery_2,0.4121486052861924,101831,36226,28450,0.6874358982247967,18
NUPS,High-High,Nucleus,0.4104289197068377,109773,28458,28367,0.8824354106353094,3
CTNNB1,Low-Low,Cell_periphery_2,0.4039494298101501,101009,36226,27718,0.7768209493699343,11
CTNNB1,Low-Low,Nucleolus,0.3994476837400187,101009,51802,30520,0.7768209493699343,11
ABCD3,Low-Low,Cell_periphery_2,0.3990253154917796,108231,36226,28821,0.704859201084911,16
LC3B,High-High,Nucleus,0.3969513435685246,99336,28458,25364,0.742583094015307,12
VIME,High-High,Nucleus,0.3958669117710774,86323,28458,22719,0.6774169075438089,20
Yap/Taz,High-High,Nucleus,0.395798938679216,107222,28458,26851,0.9457081455056198,1
PKM2,High-High,Nucleus,0.3953536834793042,101107,28458,25612,0.721304066371717,15
VINC,High-High,ER_mitochondria_1,0.3936916058127892,103554,33660,27010,0.818767982896984,6
HSP60,Low-Low,Cell_periphery_1,0.3895948608763847,126034,37885,31931,0.8542720762777769,5
SARA,High-High,Nucleus,0.3892985112914782,92385,28458,23522,0.7340194179335899,13
PCNA,Low-Low,Cell_periphery_1,0.3878692358533486,119467,37885,30516,0.7330970411235681,14
VIME,High-High,Nucleolus,0.3862298642533657,86323,51802,26674,0.6774169075438089,20
TFRC,High-High,ER_mitochondria_1,0.3859853264524027,98687,33660,25542,0.8149422761339029,8
SARA,High-High,Endosomes_golgi_1,0.3847299781333788,92385,22402,22081,0.7340194179335899,13
TFRC,Low-Low,Cell_periphery_1,0.3841277126751399,101553,37885,26781,0.8149422761339029,8
PCNA,Low-Low,Cell_periphery_2,0.3838836685014494,119467,36226,29884,0.7330970411235681,14
HSP60,Low-Low,Cell_periphery_2,0.3837544681375333,126034,36226,31134,0.8542720762777769,5
CRT,High-High,Nucleus,0.3820521899999001,109921,28458,26434,0.9213184646145515,2
VIME,High-High,Endosomes_golgi_1,0.3809795355253731,86323,22402,20711,0.6774169075438089,20
SARA,High-High,ER_mitochondria_1,0.3809274465468379,92385,33660,24007,0.7340194179335899,13
TUBA1A,Low-Low,Cell_periphery_2,0.3798943649655196,106719,36226,27152,0.8776191465044552,4
CCNE1,Low-Low,Cell_periphery_1,0.3757479458329485,101831,37885,26249,0.6874358982247967,18
Actin,Low-Low,ER_mitochondria_2,0.3714867310011782,100262,32378,24637,0.7812494359405259,10
TFRC,High-High,Endosomes_golgi_1,0.3679277225841845,98687,22402,22276,0.8149422761339029,8
DAPI_01,Low-Low,Cell_periphery_1,0.3672469178125441,119633,37885,28924,0.6992807587233814,17
GSK3A/B,High-High,Nucleus,0.3671255670847239,98948,28458,23387,0.7940303495706408,9
ABCD3,High-High,Endosomes_golgi_1,0.3665963985471968,95717,22402,21651,0.704859201084911,16
Actin,High-High,Cell_periphery_1,0.3665915888195276,97530,37885,24821,0.7812494359405259,10
CTNNB1,High-High,Cell_periphery_1,0.3661432515063992,96871,37885,24670,0.7768209493699343,11
GSK3A/B,High-High,Endosomes_golgi_1,0.3631314379892573,98948,22402,22033,0.7940303495706408,9
CRT,High-High,ER_mitochondria_1,0.3627499460234736,109921,33660,26042,0.9213184646145515,2
TUBA1A,Low-Low,Cell_periphery_1,0.3614007911260849,106719,37885,26130,0.8776191465044552,4
DAPI_01,Low-Low,Cell_periphery_2,0.3609416203106422,119633,36226,28128,0.6992807587233814,17
TFRC,High-High,Nucleus,0.3503401628062172,98687,28458,22272,0.8149422761339029,8
VINC,High-High,Endosomes_golgi_1,0.3500428721140438,103554,22402,22045,0.818767982896984,6
TUBA1A,High-High,Endosomes_golgi_1,0.3418347502361233,103577,22402,21532,0.8776191465044552,4
GSK3A/B,High-High,ER_mitochondria_1,0.3415178571428313,98948,33660,22644,0.7940303495706408,9
CCNE1,High-High,Nucleus,0.3384760219774594,94759,28458,20853,0.6874358982247967,18
CRT,High-High,Endosomes_golgi_1,0.337114485010139,109921,22402,22304,0.9213184646145515,2
HSP60,High-High,Endosomes_golgi_1,0.3337980034175484,111026,22402,22269,0.8542720762777769,5
PKM2,Low-Low,ER_mitochondria_2,0.3294367393150064,108942,32378,23278,0.721304066371717,15
HSP60,Low-Low,Nucleolus,0.3263118828583455,126034,51802,29015,0.8542720762777769,5
HSP60,High-High,Nucleus,0.3254853603280429,111026,28458,22700,0.8542720762777769,5
NUPS,Low-Low,ER_mitochondria_2,0.3240953292419087,117041,32378,24213,0.8824354106353094,3
Actin,Low-Low,Cell_periphery_2,0.3232958208780022,100262,36226,22063,0.7812494359405259,10
TUBA1A,Low-Low,Nucleolus,0.3230991477469658,106719,51802,25609,0.8776191465044552,4
Climp63,Low-Low,ER_mitochondria_2,0.3218629939388672,111820,32378,23206,0.8151571943734802,7
TFRC,Low-Low,Nucleolus,0.3189984023996401,101553,51802,24460,0.8149422761339029,8
FBL,Low-Low,ER_mitochondria_2,0.3183927644747336,102512,32378,21474,0.6836216247065872,19
TUBA1A,High-High,Nucleus,0.3174309842087084,103577,28458,20956,0.8776191465044552,4
VINC,Low-Low,Cell_periphery_2,0.3170422636618678,102664,36226,22017,0.818767982896984,6
TUBA1A,High-High,ER_mitochondria_1,0.3167513134212845,103577,33660,21735,0.8776191465044552,4
PCNA,Low-Low,ER_mitochondria_2,0.3153215449965217,119467,32378,23940,0.7330970411235681,14
CCNE1,Low-Low,ER_mitochondria_2,0.3145094591271588,101831,32378,21105,0.6874358982247967,18
CTNNB1,High-High,Cell_periphery_3,0.3070224554776233,96871,22788,18369,0.7768209493699343,11
PKM2,High-High,Endosomes_golgi_1,0.3060019917576609,101107,22402,18897,0.721304066371717,15
Yap/Taz,Low-Low,ER_mitochondria_2,0.3050927435863417,111729,32378,21983,0.9457081455056198,1
DAPI_01,Low-Low,ER_mitochondria_2,0.3039648446493803,119633,32378,23103,0.6992807587233814,17
LC3B,Low-Low,ER_mitochondria_2,0.3033218686054897,105436,32378,20901,0.742583094015307,12
ABCD3,Low-Low,Nucleolus,0.300050614560728,108231,51802,24009,0.704859201084911,16
ABCD3,High-High,Nucleus,0.3000120797261687,95717,28458,18627,0.704859201084911,16
CRT,High-High,Nucleolus,0.2977684064727776,109921,51802,24078,0.9213184646145515,2
CTNNB1,Low-Low,ER_mitochondria_2,0.2878541387091479,101009,32378,19198,0.7768209493699343,11
VIME,Low-Low,ER_mitochondria_2,0.2868522471668442,107220,32378,20022,0.6774169075438089,20
SARA,Low-Low,ER_mitochondria_2,0.2862082860177818,104117,32378,19533,0.7340194179335899,13
LC3B,High-High,Endosomes_golgi_1,0.2831162003646944,99336,22402,17233,0.742583094015307,12
Yap/Taz,High-High,Endosomes_golgi_1,0.2823551194223074,107222,22402,18300,0.9457081455056198,1
CRT,Low-Low,ER_mitochondria_2,0.2803381866697401,105534,32378,19331,0.9213184646145515,2
VINC,High-High,Cell_periphery_3,0.2800493897516043,103554,22788,17691,0.818767982896984,6
Actin,High-High,Nucleolus,0.2712077786408625,97530,51802,20250,0.7812494359405259,10
VINC,Low-Low,Cell_periphery_1,0.2639221908373404,102664,37885,18547,0.818767982896984,6
Actin,Low-Low,ER_mitochondria_1,0.2631382446498511,100262,33660,17620,0.7812494359405259,10
CTNNB1,High-High,Endosomes_golgi_1,0.2560009390222216,96871,22402,15267,0.7768209493699343,11
Actin,High-High,Nucleus,0.2394672508492682,97530,28458,15085,0.7812494359405259,10
SARA,High-High,Nucleolus,0.2379687489163212,92385,51802,17156,0.7340194179335899,13
NUPS,High-High,Endosomes_golgi_1,0.2298165311140359,109773,22402,15188,0.8824354106353094,3
DAPI_01,Low-Low,ER_mitochondria_1,0.2277207700286231,119633,33660,17454,0.6992807587233814,17
CTNNB1,High-High,Nucleus,0.2266674113732474,96871,28458,14204,0.7768209493699343,11
VINC,High-High,ER_mitochondria_2,0.225509813730378,103554,32378,15327,0.818767982896984,6
Actin,High-High,Cell_periphery_3,0.2214465001080286,97530,22788,13322,0.7812494359405259,10
VIME,High-High,ER_mitochondria_1,0.2127468057974702,86323,33660,12763,0.6774169075438089,20
PCNA,Low-Low,ER_mitochondria_1,0.2122813089788076,119467,33660,16253,0.7330970411235681,14
Actin,Low-Low,Nucleolus,0.2071364688552052,100262,51802,15749,0.7812494359405259,10
HSP60,Low-Low,ER_mitochondria_2,0.205552609650771,126034,32378,16281,0.8542720762777769,5
TFRC,Low-Low,ER_mitochondria_2,0.2049562834593779,101553,32378,13725,0.8149422761339029,8
GSK3A/B,Low-Low,ER_mitochondria_2,0.2040981232181088,98804,32378,13387,0.7940303495706408,9
CCNE1,Low-Low,Cell_periphery_3,0.2038854428297287,101831,22788,12704,0.6874358982247967,18
CCNE1,High-High,Endosomes_golgi_1,0.2006128319150399,94759,22402,11752,0.6874358982247967,18
DAPI_01,Low-Low,Cell_periphery_3,0.1996194381446416,119633,22788,14215,0.6992807587233814,17
FBL,High-High,Endosomes_golgi_1,0.1967258295667331,86450,22402,10707,0.6836216247065872,19
TUBA1A,Low-Low,ER_mitochondria_2,0.1959927245015927,106719,32378,13631,0.8776191465044552,4
PKM2,Low-Low,Cell_periphery_3,0.1957792454262358,108942,22788,12895,0.721304066371717,15
PCNA,Low-Low,Cell_periphery_3,0.192513444167151,119467,22788,13693,0.7330970411235681,14
Climp63,Low-Low,Cell_periphery_3,0.1907761797218448,111820,22788,12840,0.8151571943734802,7
TFRC,High-High,Cell_periphery_3,0.1807450092611499,98687,22788,10978,0.8149422761339029,8
ABCD3,Low-Low,ER_mitochondria_2,0.1807423422398153,108231,32378,12707,0.704859201084911,16
VIME,Low-Low,Cell_periphery_3,0.1795581810349994,107220,22788,11672,0.6774169075438089,20
PKM2,High-High,ER_mitochondria_1,0.1794207780836421,101107,33660,12090,0.721304066371717,15
GSK3A/B,High-High,Cell_periphery_3,0.1789774594203704,98948,22788,10894,0.7940303495706408,9
FBL,Low-Low,Cell_periphery_3,0.1781963288108397,102512,22788,11164,0.6836216247065872,19
GSK3A/B,Low-Low,Nucleolus,0.1781735123434538,98804,51802,13417,0.7940303495706408,9
NUPS,Low-Low,Cell_periphery_3,0.1780889515050398,117041,22788,12451,0.8824354106353094,3
Climp63,High-High,Endosomes_golgi_1,0.1751175069216265,101846,22402,10879,0.8151571943734802,7
SARA,Low-Low,Cell_periphery_3,0.1714668452779503,104117,22788,10880,0.7340194179335899,13
GSK3A/B,High-High,Nucleolus,0.1662089552238695,98948,51802,12528,0.7940303495706408,9
TUBA1A,High-High,Cell_periphery_3,0.1643018240810221,103577,22788,10381,0.8776191465044552,4
LC3B,Low-Low,Cell_periphery_3,0.1626528574993634,105436,22788,10428,0.742583094015307,12
CTNNB1,High-High,ER_mitochondria_1,0.1621990178578144,96871,33660,10586,0.7768209493699343,11
CRT,Low-Low,Cell_periphery_3,0.161157089197475,105534,22788,10340,0.9213184646145515,2
Actin,High-High,Endosomes_golgi_1,0.1593402928325918,97530,22402,9555,0.7812494359405259,10
HSP60,Low-Low,Cell_periphery_3,0.1581083441964119,126034,22788,11765,0.8542720762777769,5
TUBA1A,High-High,Nucleolus,0.1550402564052957,103577,51802,12045,0.8776191465044552,4
CTNNB1,Low-Low,ER_mitochondria_1,0.1502350206803235,101009,33660,10116,0.7768209493699343,11
HSP60,High-High,Nucleolus,0.1486476527378492,111026,51802,12102,0.8542720762777769,5
VINC,High-High,Nucleus,0.1474865921279771,103554,28458,9735,0.818767982896984,6
Yap/Taz,Low-Low,Cell_periphery_3,0.1458849067404011,111729,22788,9812,0.9457081455056198,1
HSP60,High-High,ER_mitochondria_2,0.1397868957630094,111026,32378,10023,0.8542720762777769,5
CCNE1,High-High,ER_mitochondria_1,0.1395276399909562,94759,33660,8959,0.6874358982247967,18
ABCD3,High-High,ER_mitochondria_2,0.1303876029509246,95717,32378,8351,0.704859201084911,16
ABCD3,Low-Low,Cell_periphery_3,0.1303169769270006,108231,22788,8537,0.704859201084911,16
VINC,Low-Low,Nucleus,0.1264776315187286,102664,28458,8292,0.818767982896984,6
LC3B,High-High,ER_mitochondria_1,0.1251315829047396,99336,33660,8321,0.742583094015307,12
TUBA1A,High-High,ER_mitochondria_2,0.124497076238452,103577,32378,8463,0.8776191465044552,4
CCNE1,Low-Low,ER_mitochondria_1,0.1145758758884269,101831,33660,7762,0.6874358982247967,18
NUPS,Low-Low,ER_mitochondria_1,0.1124080132182193,117041,33660,8470,0.8824354106353094,3
Yap/Taz,Low-Low,ER_mitochondria_1,0.1109299878257563,111729,33660,8064,0.9457081455056198,1
Climp63,High-High,ER_mitochondria_1,0.1109028382506965,101846,33660,7514,0.8151571943734802,7
ABCD3,High-High,Nucleolus,0.110629817176085,95717,51802,8160,0.704859201084911,16
Climp63,Low-Low,ER_mitochondria_1,0.1058702227110182,111820,33660,7701,0.8151571943734802,7
TFRC,High-High,Nucleolus,0.1054163427227169,98687,51802,7932,0.8149422761339029,8
FBL,Low-Low,ER_mitochondria_1,0.1004171195252988,102512,33660,6837,0.6836216247065872,19
Actin,Low-Low,Nucleus,0.0997047855810985,100262,28458,6417,0.7812494359405259,10
NUPS,High-High,ER_mitochondria_1,0.0983874003890249,109773,33660,7056,0.8824354106353094,3
VIME,Low-Low,Nucleolus,0.0981876721459862,107220,51802,7807,0.6774169075438089,20
HSP60,High-High,Cell_periphery_3,0.0980166499768261,111026,22788,6558,0.8542720762777769,5
CTNNB1,High-High,Nucleolus,0.0971662642174371,96871,51802,7223,0.7768209493699343,11
ABCD3,High-High,Cell_periphery_3,0.0932787646090803,95717,22788,5527,0.704859201084911,16
DAPI_01,Low-Low,Endosomes_golgi_1,0.0931742176224104,119633,22402,6617,0.6992807587233814,17
Actin,High-High,ER_mitochondria_1,0.0902812714383649,97530,33660,5922,0.7812494359405259,10
TUBA1A,Low-Low,Cell_periphery_3,0.0901727319758707,106719,22788,5839,0.8776191465044552,4
CTNNB1,Low-Low,Nucleus,0.0885322128418756,101009,28458,5731,0.7768209493699343,11
VINC,High-High,Cell_periphery_1,0.0835271742588618,103554,37885,5907,0.818767982896984,6
Yap/Taz,High-High,ER_mitochondria_1,0.0814298490935618,107222,33660,5736,0.9457081455056198,1
Actin,High-High,Cell_periphery_2,0.077693710936326,97530,36226,5196,0.7812494359405259,10
TFRC,High-High,ER_mitochondria_2,0.0756723763018292,98687,32378,4959,0.8149422761339029,8
LC3B,Low-Low,ER_mitochondria_1,0.0755880830505495,105436,33660,5257,0.742583094015307,12
Actin,Low-Low,Endosomes_golgi_1,0.0755070762407816,100262,22402,4631,0.7812494359405259,10
GSK3A/B,High-High,ER_mitochondria_2,0.0738010751869337,98948,32378,4846,0.7940303495706408,9
PCNA,Low-Low,Endosomes_golgi_1,0.0707131226694999,119467,22402,5016,0.7330970411235681,14
SARA,Low-Low,Nucleolus,0.0681251162462517,104117,51802,5311,0.7340194179335899,13
CRT,High-High,Cell_periphery_3,0.0662954283432121,109921,22788,4399,0.9213184646145515,2
NUPS,High-High,Nuclear_envelope,0.0633776124533867,109773,3674,3595,0.8824354106353094,3
PCNA,High-High,Nuclear_envelope,0.0610296880871787,89461,3674,2842,0.7330970411235681,14
DAPI_01,High-High,Nuclear_envelope,0.0593696528122692,86911,3674,2689,0.6992807587233814,17
TUBA1A,Low-Low,ER_mitochondria_1,0.0591683941330213,106719,33660,4153,0.8776191465044552,4
CTNNB1,Low-Low,Cell_periphery_1,0.0588362348265541,101009,37885,4086,0.7768209493699343,11
VIME,Low-Low,ER_mitochondria_1,0.0583617262918754,107220,33660,4111,0.6774169075438089,20
VINC,Low-Low,ER_mitochondria_2,0.0581004428251908,102664,32378,3923,0.818767982896984,6
TUBA1A,High-High,Cell_periphery_1,0.0562129759228587,103577,37885,3976,0.8776191465044552,4
PCNA,High-High,Endosomes_golgi_1,0.0545846258369564,89461,22402,3053,0.7330970411235681,14
Actin,Low-Low,Cell_periphery_3,0.0538642828118607,100262,22788,3314,0.7812494359405259,10
CTNNB1,High-High,ER_mitochondria_2,0.0536174361116872,96871,32378,3465,0.7768209493699343,11
Actin,Low-Low,Cell_periphery_1,0.0513945290161891,100262,37885,3550,0.7812494359405259,10
CCNE1,High-High,Cell_periphery_3,0.0512646005427572,94759,22788,3013,0.6874358982247967,18
GSK3A/B,Low-Low,Cell_periphery_3,0.0512204750312478,98804,22788,3114,0.7940303495706408,9
Climp63,High-High,Nuclear_envelope,0.0510993176648928,101846,3674,2696,0.8151571943734802,7
CRT,High-High,ER_mitochondria_2,0.0496278961904124,109921,32378,3531,0.9213184646145515,2
CCNE1,High-High,Cell_periphery_1,0.0483248394197967,94759,37885,3205,0.6874358982247967,18
TFRC,Low-Low,Cell_periphery_3,0.0462437972993585,101553,22788,2875,0.8149422761339029,8
PKM2,Low-Low,ER_mitochondria_1,0.045286882371913,108942,33660,3229,0.721304066371717,15
FBL,High-High,ER_mitochondria_1,0.0433769045042008,86450,33660,2605,0.6836216247065872,19
VINC,High-High,Cell_periphery_2,0.0426527400200284,103554,36226,2981,0.818767982896984,6
Yap/Taz,High-High,Nuclear_envelope,0.0420934930024489,107222,3674,2334,0.9457081455056198,1
CCNE1,High-High,ER_mitochondria_2,0.0417187758087699,94759,32378,2652,0.6874358982247967,18
HSP60,Low-Low,Nuclear_envelope,0.0402750794091312,126034,3674,2612,0.8542720762777769,5
TUBA1A,Low-Low,Nucleus,0.0389563313285515,106719,28458,2633,0.8776191465044552,4
SARA,High-High,Cell_periphery_3,0.0373177741310865,92385,22788,2149,0.7340194179335899,13
NUPS,High-High,Cell_periphery_3,0.0373111246897626,109773,22788,2473,0.8824354106353094,3
TUBA1A,High-High,Cell_periphery_2,0.0361079519037476,103577,36226,2524,0.8776191465044552,4
Actin,High-High,Nuclear_envelope,0.0357890992450855,97530,3674,1811,0.7812494359405259,10
VIME,Low-Low,Nuclear_envelope,0.0344833805255438,107220,3674,1912,0.6774169075438089,20
CRT,Low-Low,Nucleolus,0.0342324706360887,105534,51802,2693,0.9213184646145515,2
FBL,High-High,Endosomes_golgi_2,0.034161243796346,86450,1603,1504,0.6836216247065872,19
TUBA1A,High-High,Nuclear_envelope,0.0327456154254941,103577,3674,1756,0.8776191465044552,4
SARA,High-High,ER_mitochondria_2,0.0315959058374653,92385,32378,1971,0.7340194179335899,13
DAPI_01,High-High,ER_mitochondria_1,0.0312181204435534,86911,33660,1882,0.6992807587233814,17
TFRC,High-High,Cell_periphery_1,0.0311630495269871,98687,37885,2128,0.8149422761339029,8
Yap/Taz,High-High,Cell_periphery_3,0.030889931543725,107222,22788,2008,0.9457081455056198,1
CTNNB1,High-High,Nuclear_envelope,0.0301158685165816,96871,3674,1514,0.7768209493699343,11
GSK3A/B,Low-Low,ER_mitochondria_1,0.0300458992631937,98804,33660,1990,0.7940303495706408,9
DAPI_01,High-High,Endosomes_golgi_1,0.0295847703383833,86911,22402,1617,0.6992807587233814,17
HSP60,High-High,Cell_periphery_1,0.0293732497934988,111026,37885,2187,0.8542720762777769,5
SARA,Low-Low,Nuclear_envelope,0.0284439331669593,104117,3674,1533,0.7340194179335899,13
TFRC,High-High,Nuclear_envelope,0.0283897187405331,98687,3674,1453,0.8149422761339029,8
PCNA,High-High,ER_mitochondria_1,0.0281999009104841,89461,33660,1736,0.7330970411235681,14
HSP60,Low-Low,Nucleus,0.0274059498226427,126034,28458,2117,0.8542720762777769,5
VINC,High-High,Endosomes_golgi_2,0.0271403710642156,103554,1603,1427,0.818767982896984,6
CCNE1,Low-Low,Nuclear_envelope,0.0268991990900879,101831,3674,1419,0.6874358982247967,18
CRT,High-High,Endosomes_golgi_2,0.0268103726552108,109921,1603,1495,0.9213184646145515,2
HSP60,High-High,Cell_periphery_2,0.0264037160785574,111026,36226,1944,0.8542720762777769,5
Actin,Low-Low,Endosomes_golgi_2,0.0262111618318336,100262,1603,1335,0.7812494359405259,10
VIME,High-High,Cell_periphery_3,0.0260651996590604,86323,22788,1422,0.6774169075438089,20
ABCD3,Low-Low,Nucleus,0.0245667171462206,108231,28458,1679,0.704859201084911,16
CRT,High-High,Nuclear_envelope,0.0240503543289736,109921,3674,1366,0.9213184646145515,2
Actin,High-High,ER_mitochondria_2,0.0237244819410641,97530,32378,1541,0.7812494359405259,10
CTNNB1,Low-Low,Endosomes_golgi_1,0.0226560031115522,101009,22402,1398,0.7768209493699343,11
ABCD3,Low-Low,Nuclear_envelope,0.0224833564183885,108231,3674,1258,0.704859201084911,16
PKM2,Low-Low,Nuclear_envelope,0.0223058890388557,108942,3674,1256,0.721304066371717,15
GSK3A/B,High-High,Nuclear_envelope,0.0222954142386601,98948,3674,1144,0.7940303495706408,9
SARA,High-High,Endosomes_golgi_2,0.022173043367236,92385,1603,1042,0.7340194179335899,13
VINC,High-High,Nuclear_envelope,0.0219345693289045,103554,3674,1176,0.818767982896984,6
Climp63,High-High,Cell_periphery_3,0.0219041353081806,101846,22788,1365,0.8151571943734802,7
CCNE1,High-High,Cell_periphery_2,0.0218956369049874,94759,36226,1434,0.6874358982247967,18
ABCD3,High-High,Nuclear_envelope,0.0209073256129809,95717,3674,1039,0.704859201084911,16
PCNA,High-High,Endosomes_golgi_2,0.0208644469823397,89461,1603,950,0.7330970411235681,14
ABCD3,High-High,Endosomes_golgi_2,0.0208384710234257,95717,1603,1014,0.704859201084911,16
GSK3A/B,High-High,Endosomes_golgi_2,0.0200495271056458,98948,1603,1008,0.7940303495706408,9
VIME,High-High,ER_mitochondria_2,0.0197470956436744,86323,32378,1172,0.6774169075438089,20
DAPI_01,High-High,Cell_periphery_3,0.01961731647508,86911,22788,1076,0.6992807587233814,17
CTNNB1,High-High,Cell_periphery_2,0.019474518584189,96871,36226,1296,0.7768209493699343,11
LC3B,High-High,Cell_periphery_3,0.0193901280665537,99336,22788,1184,0.742583094015307,12
CRT,Low-Low,ER_mitochondria_1,0.0193830193830179,105534,33660,1349,0.9213184646145515,2
VINC,Low-Low,Nuclear_envelope,0.0192969587541594,102664,3674,1026,0.818767982896984,6
CCNE1,Low-Low,Endosomes_golgi_2,0.0183111936113832,101831,1603,947,0.6874358982247967,18
Actin,Low-Low,Nuclear_envelope,0.0182035098522149,100262,3674,946,0.7812494359405259,10
CTNNB1,Low-Low,Nuclear_envelope,0.018188244509613,101009,3674,952,0.7768209493699343,11
ABCD3,High-High,Cell_periphery_2,0.0179926180244485,95717,36226,1187,0.704859201084911,16
LC3B,High-High,Nuclear_envelope,0.0174740316474111,99336,3674,900,0.742583094015307,12
DAPI_01,Low-Low,Endosomes_golgi_2,0.0169586591441472,119633,1603,1028,0.6992807587233814,17
CCNE1,Low-Low,Endosomes_golgi_1,0.0167266346300888,101831,22402,1039,0.6874358982247967,18
PCNA,High-High,Cell_periphery_3,0.0163743106842808,89461,22788,919,0.7330970411235681,14
CCNE1,Low-Low,Nucleolus,0.0159731307726845,101831,51802,1227,0.6874358982247967,18
Climp63,High-High,Endosomes_golgi_2,0.015563224390761,101846,1603,805,0.8151571943734802,7
GSK3A/B,Low-Low,Nuclear_envelope,0.0154764925154652,98804,3674,793,0.7940303495706408,9
TUBA1A,Low-Low,Nuclear_envelope,0.0152908245993844,106719,3674,844,0.8776191465044552,4
FBL,High-High,Nuclear_envelope,0.0146908703563962,86450,3674,662,0.6836216247065872,19
TFRC,Low-Low,ER_mitochondria_1,0.0145104390849981,101553,33660,981,0.8149422761339029,8
CCNE1,High-High,Nuclear_envelope,0.0144463746914129,94759,3674,711,0.6874358982247967,18
TFRC,Low-Low,Nuclear_envelope,0.0144069487869069,101553,3674,758,0.8149422761339029,8
CCNE1,Low-Low,Nucleus,0.0142606052698221,101831,28458,929,0.6874358982247967,18
Climp63,High-High,ER_mitochondria_2,0.0138723328167828,101846,32378,931,0.8151571943734802,7
ABCD3,High-High,Cell_periphery_1,0.0137572790826474,95717,37885,919,0.704859201084911,16
HSP60,Low-Low,Endosomes_golgi_2,0.0134913857267082,126034,1603,861,0.8542720762777769,5
SARA,Low-Low,ER_mitochondria_1,0.0134565275771708,104117,33660,927,0.7340194179335899,13
LC3B,Low-Low,Nuclear_envelope,0.0132710109064234,105436,3674,724,0.742583094015307,12
NUPS,High-High,ER_mitochondria_2,0.0130424689238898,109773,32378,927,0.8824354106353094,3
TFRC,High-High,Cell_periphery_2,0.0125562399472243,98687,36226,847,0.8149422761339029,8
TUBA1A,Low-Low,Endosomes_golgi_2,0.0123705249164516,106719,1603,670,0.8776191465044552,4
FBL,Low-Low,Nuclear_envelope,0.0121108244024624,102512,3674,643,0.6836216247065872,19
CTNNB1,Low-Low,Endosomes_golgi_2,0.0117919931392028,101009,1603,605,0.7768209493699343,11
NUPS,Low-Low,Endosomes_golgi_2,0.0117494352853906,117041,1603,697,0.8824354106353094,3
TFRC,Low-Low,Nucleus,0.0115836352308641,101553,28458,753,0.8149422761339029,8
PKM2,Low-Low,Endosomes_golgi_2,0.0115609027997637,108942,1603,639,0.721304066371717,15
TFRC,Low-Low,Endosomes_golgi_2,0.0114971499476509,101553,1603,593,0.8149422761339029,8
CTNNB1,Low-Low,Cell_periphery_3,0.0110665040348303,101009,22788,685,0.7768209493699343,11
VIME,Low-Low,Endosomes_golgi_2,0.010861674462199,107220,1603,591,0.6774169075438089,20
Climp63,Low-Low,Endosomes_golgi_1,0.0108178987051295,111820,22402,726,0.8151571943734802,7
LC3B,Low-Low,Endosomes_golgi_2,0.009585291342407,105436,1603,513,0.742583094015307,12
HSP60,High-High,Endosomes_golgi_2,0.0094114304486402,111026,1603,530,0.8542720762777769,5
HSP60,High-High,Nuclear_envelope,0.009171752397558,111026,3674,526,0.8542720762777769,5
VIME,Low-Low,Nucleus,0.0089329146950862,107220,28458,606,0.6774169075438089,20
Yap/Taz,High-High,Endosomes_golgi_2,0.0088582586721792,107222,1603,482,0.9457081455056198,1
CRT,Low-Low,Nuclear_envelope,0.0088088784704409,105534,3674,481,0.9213184646145515,2
Yap/Taz,High-High,ER_mitochondria_2,0.0086246418338102,107222,32378,602,0.9457081455056198,1
VINC,Low-Low,ER_mitochondria_1,0.0083184178867984,102664,33660,567,0.818767982896984,6
LC3B,High-High,Endosomes_golgi_2,0.0081435322323375,99336,1603,411,0.742583094015307,12
PKM2,High-High,Endosomes_golgi_2,0.0074189465485339,101107,1603,381,0.721304066371717,15
Climp63,Low-Low,Endosomes_golgi_2,0.0072648404644554,111820,1603,412,0.8151571943734802,7
FBL,High-High,Cell_periphery_3,0.0071769896922309,86450,22788,392,0.6836216247065872,19
VIME,High-High,Endosomes_golgi_2,0.0069149057161696,86323,1603,304,0.6774169075438089,20
GSK3A/B,Low-Low,Nucleus,0.0067419968254461,98804,28458,429,0.7940303495706408,9
VINC,Low-Low,Cell_periphery_3,0.0066957880304812,102664,22788,420,0.818767982896984,6
PKM2,High-High,Cell_periphery_3,0.0066346503087286,101107,22788,411,0.721304066371717,15
TFRC,High-High,Endosomes_golgi_2,0.0059826503140885,98687,1603,300,0.8149422761339029,8
FBL,Low-Low,Endosomes_golgi_1,0.0059240757641252,102512,22402,370,0.6836216247065872,19
DAPI_01,High-High,ER_mitochondria_2,0.0059016338472108,86911,32378,352,0.6992807587233814,17
CTNNB1,High-High,Endosomes_golgi_2,0.0056258504782982,96871,1603,277,0.7768209493699343,11
SARA,High-High,Nuclear_envelope,0.0054758013304317,92385,3674,263,0.7340194179335899,13
Climp63,High-High,Cell_periphery_1,0.0053817692566427,101846,37885,376,0.8151571943734802,7
LC3B,High-High,ER_mitochondria_2,0.0052082542478396,99336,32378,343,0.742583094015307,12
NUPS,Low-Low,Endosomes_golgi_1,0.0049626012062272,117041,22402,346,0.8824354106353094,3
ABCD3,Low-Low,ER_mitochondria_1,0.0049333643430517,108231,33660,350,0.704859201084911,16
GSK3A/B,High-High,Cell_periphery_1,0.0048380142217151,98948,37885,331,0.7940303495706408,9
SARA,Low-Low,Endosomes_golgi_2,0.0044457056375326,104117,1603,235,0.7340194179335899,13
VIME,High-High,Nuclear_envelope,0.0044445925975305,86323,3674,200,0.6774169075438089,20
GSK3A/B,Low-Low,Endosomes_golgi_2,0.0043224078002525,98804,1603,217,0.7940303495706408,9
VIME,High-High,Cell_periphery_1,0.0042992399845417,86323,37885,267,0.6774169075438089,20
FBL,High-High,ER_mitochondria_2,0.0042750866799067,86450,32378,254,0.6836216247065872,19
TUBA1A,High-High,Endosomes_golgi_2,0.0039741395702601,103577,1603,209,0.8776191465044552,4
PKM2,High-High,Nuclear_envelope,0.0038174859945978,101107,3674,200,0.721304066371717,15
HSP60,Low-Low,ER_mitochondria_1,0.0036569940010267,126034,33660,292,0.8542720762777769,5
Yap/Taz,Low-Low,Nuclear_envelope,0.0034141226831188,111729,3674,197,0.9457081455056198,1
VINC,High-High,Nucleolus,0.003282782769896,103554,51802,255,0.818767982896984,6
CCNE1,High-High,Endosomes_golgi_2,0.0032793009692614,94759,1603,158,0.6874358982247967,18
PKM2,Low-Low,Nucleolus,0.0031727467277159,108942,51802,255,0.721304066371717,15
Climp63,High-High,Cell_periphery_2,0.0031288023639837,101846,36226,216,0.8151571943734802,7
NUPS,High-High,Endosomes_golgi_2,0.0029629363597181,109773,1603,165,0.8824354106353094,3
Yap/Taz,Low-Low,Endosomes_golgi_2,0.0028588571630251,111729,1603,162,0.9457081455056198,1
PCNA,High-High,ER_mitochondria_2,0.0027413225650241,89461,32378,167,0.7330970411235681,14
LC3B,Low-Low,Nucleolus,0.0026456708938041,105436,51802,208,0.742583094015307,12
PKM2,High-High,ER_mitochondria_2,0.0026370004120311,101107,32378,176,0.721304066371717,15
NUPS,High-High,Cell_periphery_1,0.0025464248466048,109773,37885,188,0.8824354106353094,3
ABCD3,Low-Low,Endosomes_golgi_2,0.0025128830780994,108231,1603,138,0.704859201084911,16
DAPI_01,Low-Low,Nuclear_envelope,0.0023194141451821,119633,3674,143,0.6992807587233814,17
DAPI_01,High-High,Cell_periphery_1,0.0022276355011376,86911,37885,139,0.6992807587233814,17
LC3B,Low-Low,Endosomes_golgi_1,0.0020807584599256,105436,22402,133,0.742583094015307,12
FBL,Low-Low,Nucleolus,0.0020736938968595,102512,51802,160,0.6836216247065872,19
Climp63,Low-Low,Nuclear_envelope,0.0020433961937414,111820,3674,118,0.8151571943734802,7
GSK3A/B,High-High,Cell_periphery_2,0.0019678340509268,98948,36226,133,0.7940303495706408,9
PCNA,Low-Low,Endosomes_golgi_2,0.0019492855372923,119467,1603,118,0.7330970411235681,14
CRT,High-High,Cell_periphery_2,0.0019432489206072,109921,36226,142,0.9213184646145515,2
PKM2,Low-Low,Endosomes_golgi_1,0.0018729443293944,108942,22402,123,0.721304066371717,15
CRT,High-High,Cell_periphery_1,0.0017590625549705,109921,37885,130,0.9213184646145515,2
SARA,High-High,Cell_periphery_1,0.0017348583710753,92385,37885,113,0.7340194179335899,13
VIME,High-High,Cell_periphery_2,0.0014851202376191,86323,36226,91,0.6774169075438089,20
LC3B,Low-Low,Nucleus,0.0014638445337355,105436,28458,98,0.742583094015307,12
DAPI_01,High-High,Cell_periphery_2,0.001380576106288,86911,36226,85,0.6992807587233814,17
SARA,Low-Low,Nucleus,0.0013728078446161,104117,28458,91,0.7340194179335899,13
Yap/Taz,Low-Low,Endosomes_golgi_1,0.0013717932469003,111729,22402,92,0.9457081455056198,1
SARA,High-High,Cell_periphery_2,0.0012596123193194,92385,36226,81,0.7340194179335899,13
NUPS,High-High,Cell_periphery_2,0.0011780902608921,109773,36226,86,0.8824354106353094,3
FBL,Low-Low,Nucleus,0.0010994884324653,102512,28458,72,0.6836216247065872,19
PCNA,High-High,Cell_periphery_1,0.0010993670786674,89461,37885,70,0.7330970411235681,14
ABCD3,Low-Low,Endosomes_golgi_1,0.0010410845651557,108231,22402,68,0.704859201084911,16
Yap/Taz,Low-Low,Nucleus,0.0009415994350402,111729,28458,66,0.9457081455056198,1
LC3B,High-High,Cell_periphery_1,0.0009036517734165,99336,37885,62,0.742583094015307,12
TUBA1A,Low-Low,Endosomes_golgi_1,0.0008983821376847,106719,22402,58,0.8776191465044552,4
CRT,Low-Low,Endosomes_golgi_2,0.0008773812968441,105534,1603,47,0.9213184646145515,2
PKM2,Low-Low,Nucleus,0.0008588064046578,108942,28458,59,0.721304066371717,15
PKM2,High-High,Cell_periphery_2,0.0008446622443257,101107,36226,58,0.721304066371717,15
FBL,High-High,Cell_periphery_2,0.0007825491538686,86450,36226,48,0.6836216247065872,19
Yap/Taz,Low-Low,Nucleolus,0.0007582660168407,111729,51802,62,0.9457081455056198,1
Climp63,Low-Low,Nucleus,0.0006843553515162,111820,28458,48,0.8151571943734802,7
PKM2,High-High,Cell_periphery_1,0.0006762979164267,101107,37885,47,0.721304066371717,15
PCNA,Low-Low,Nuclear_envelope,0.000665903314087,119467,3674,41,0.7330970411235681,14
Actin,High-High,Endosomes_golgi_2,0.0005447227462095,97530,1603,27,0.7812494359405259,10
VIME,Low-Low,Endosomes_golgi_1,0.0004783138664732,107220,22402,31,0.6774169075438089,20
LC3B,High-High,Cell_periphery_2,0.0004278485121198,99336,36226,29,0.742583094015307,12
FBL,High-High,Cell_periphery_1,0.0004182249567699,86450,37885,26,0.6836216247065872,19
VINC,Low-Low,Endosomes_golgi_2,0.0004028120114705,102664,1603,21,0.818767982896984,6
HSP60,Low-Low,Endosomes_golgi_1,0.0003503193295426,126034,22402,26,0.8542720762777769,5
Yap/Taz,High-High,Cell_periphery_1,0.0003307903822696,107222,37885,24,0.9457081455056198,1
PCNA,High-High,Cell_periphery_2,0.0003023383484369,89461,36226,19,0.7330970411235681,14
DAPI_01,Low-Low,Nucleus,0.0002836094023269,119633,28458,21,0.6992807587233814,17
CRT,Low-Low,Nucleus,0.0001791151710549,105534,28458,12,0.9213184646145515,2
FBL,Low-Low,Endosomes_golgi_2,0.0001728857513326,102512,1603,9,0.6836216247065872,19
NUPS,Low-Low,Nuclear_envelope,0.0001656794930207,117041,3674,10,0.8824354106353094,3
DAPI_01,High-High,Endosomes_golgi_2,0.000158167069616,86911,1603,7,0.6992807587233814,17
SARA,Low-Low,Endosomes_golgi_1,0.0001580790237039,104117,22402,10,0.7340194179335899,13
Yap/Taz,High-High,Cell_periphery_2,0.0001254810105403,107222,36226,9,0.9457081455056198,1
PCNA,Low-Low,Nucleus,8.112219029913259e-05,119467,28458,6,0.7330970411235681,14
Climp63,Low-Low,Nucleolus,7.333977093544429e-05,111820,51802,6,0.8151571943734802,7
GSK3A/B,Low-Low,Endosomes_golgi_1,6.600333316831955e-05,98804,22402,4,0.7940303495706408,9
TFRC,Low-Low,Endosomes_golgi_1,4.840466298253008e-05,101553,22402,3,0.8149422761339029,8
NUPS,Low-Low,Nucleolus,4.738129504924412e-05,117041,51802,4,0.8824354106353094,3
CRT,Low-Low,Endosomes_golgi_1,4.689844922460864e-05,105534,22402,3,0.9213184646145515,2
NUPS,Low-Low,Nucleus,4.1237396820593866e-05,117041,28458,3,0.8824354106353094,3
VINC,Low-Low,Endosomes_golgi_1,3.198311291637759e-05,102664,22402,2,0.818767982896984,6
PCNA,Low-Low,Nucleolus,0.0,119467,51802,0,0.7330970411235681,14
DAPI_01,Low-Low,Nucleolus,0.0,119633,51802,0,0.6992807587233814,17
