mode,lisa_cluster,region,dice,hotspot_size,region_size,intersection,global_moran_i
2,High-High,Nucleolus,0.7921326648668884,77848,51802,51350,0.916674727435725
1,High-High,Nucleolus,0.5385292849289947,112839,51802,44332,0.9663227474082545
1,Low-Low,Cell_periphery_1,0.5040616733024808,111807,37885,37727,0.9663227474082545
2,Low-Low,ER_mitochondria_1,0.4985009708737477,95090,33660,32091,0.916674727435725
1,Low-Low,Cell_periphery_2,0.48908013753686747,111807,36226,36200,0.9663227474082545
3,High-High,Cell_periphery_1,0.46241416554319414,88958,37885,29327,0.8278238276629811
1,High-High,Nucleus,0.39948477320817855,112839,28458,28223,0.9663227474082545
2,Low-Low,Endosomes_golgi_1,0.3802641882000153,95090,22402,22339,0.916674727435725
1,Low-Low,ER_mitochondria_2,0.3773346742032543,111807,32378,27203,0.9663227474082545
5,High-High,ER_mitochondria_1,0.35396407528784957,78018,33660,19765,0.6752678990027808
4,High-High,ER_mitochondria_2,0.3380100134508726,74678,32378,18093,0.679718375018293
3,Low-Low,ER_mitochondria_2,0.33281983787500125,101346,32378,22253,0.8278238276629811
1,High-High,Endosomes_golgi_1,0.329175324051114,112839,22402,22259,0.9663227474082545
3,Low-Low,Cell_periphery_2,0.3232198412467418,101346,36226,22233,0.8278238276629811
3,Low-Low,ER_mitochondria_1,0.3207709286994414,101346,33660,21653,0.8278238276629811
3,High-High,Cell_periphery_3,0.3141588960678401,88958,22788,17553,0.8278238276629811
4,Low-Low,Cell_periphery_1,0.3130851474099406,83986,37885,19078,0.679718375018293
2,Low-Low,Cell_periphery_3,0.29528834897094497,95090,22788,17404,0.916674727435725
4,High-High,Cell_periphery_3,0.2891264646132714,74678,22788,14090,0.679718375018293
6,Low-Low,Endosomes_golgi_1,0.27240260070611083,75879,22402,13386,0.6090731128996865
3,Low-Low,Nucleolus,0.2585995246428123,101346,51802,19802,0.8278238276629811
6,High-High,Nucleolus,0.25458899952426517,70120,51802,15520,0.6090731128996865
6,High-High,ER_mitochondria_1,0.2527076507997444,70120,33660,13113,0.6090731128996865
4,Low-Low,Cell_periphery_2,0.2319236016370885,83986,36226,13940,0.679718375018293
4,Low-Low,Endosomes_golgi_1,0.2311162913110284,83986,22402,12294,0.679718375018293
6,Low-Low,Cell_periphery_2,0.228892556085792,75879,36226,12830,0.6090731128996865
2,High-High,Nucleus,0.22190657159518543,77848,28458,11795,0.916674727435725
6,Low-Low,Nucleolus,0.21987609746162548,75879,51802,14037,0.6090731128996865
1,High-High,ER_mitochondria_1,0.2194554229038956,112839,33660,16075,0.9663227474082545
5,High-High,Nucleolus,0.2184255122477108,78018,51802,14178,0.6752678990027808
5,Low-Low,ER_mitochondria_2,0.2169902656269062,81240,32378,12327,0.6752678990027808
2,Low-Low,ER_mitochondria_2,0.2119433897134801,95090,32378,13508,0.916674727435725
5,Low-Low,Nucleolus,0.2114820883630574,81240,51802,14068,0.6752678990027808
6,High-High,Nucleus,0.2096816733956654,70120,28458,10335,0.6090731128996865
5,High-High,Cell_periphery_1,0.20865723924314222,78018,37885,12092,0.6752678990027808
4,High-High,ER_mitochondria_1,0.2069080101164682,74678,33660,11208,0.679718375018293
3,High-High,Nucleus,0.2054234516590409,88958,28458,12060,0.8278238276629811
5,Low-Low,Cell_periphery_2,0.2005175965811213,81240,36226,11777,0.6752678990027808
5,Low-Low,Endosomes_golgi_1,0.1961559985333942,81240,22402,10165,0.6752678990027808
3,High-High,Nucleolus,0.1880932082977985,88958,51802,13238,0.8278238276629811
5,Low-Low,Nucleus,0.1871137121916364,81240,28458,10263,0.6752678990027808
4,Low-Low,Nucleus,0.18709757746076383,83986,28458,10519,0.679718375018293
4,Low-Low,ER_mitochondria_1,0.1861346752120611,83986,33660,10949,0.679718375018293
4,High-High,Nucleolus,0.18021821631877133,74678,51802,11397,0.679718375018293
6,Low-Low,Cell_periphery_1,0.17784184803627,75879,37885,10116,0.6090731128996865
6,High-High,Cell_periphery_3,0.16000774960173936,70120,22788,7433,0.6090731128996865
5,Low-Low,Cell_periphery_3,0.1579959241742456,81240,22788,8218,0.6752678990027808
4,Low-Low,Nucleolus,0.15693581170647206,83986,51802,10655,0.679718375018293
5,High-High,ER_mitochondria_2,0.15596579586215478,78018,32378,8609,0.6752678990027808
6,Low-Low,ER_mitochondria_2,0.1540777963549559,75879,32378,8340,0.6090731128996865
6,High-High,Cell_periphery_1,0.1526040461089623,70120,37885,8241,0.6090731128996865
6,High-High,ER_mitochondria_2,0.14966145680889875,70120,32378,7670,0.6090731128996865
1,Low-Low,Cell_periphery_3,0.14507225379842154,111807,22788,9763,0.9663227474082545
2,High-High,Cell_periphery_2,0.14071567578938754,77848,36226,8026,0.916674727435725
5,High-High,Nucleus,0.13097787294788207,78018,28458,6973,0.6752678990027808
3,High-High,Endosomes_golgi_1,0.130100574712632,88958,22402,7244,0.8278238276629811
6,Low-Low,Nucleus,0.11880732626008811,75879,28458,6198,0.6090731128996865
5,Low-Low,Cell_periphery_1,0.11876600209862592,81240,37885,7074,0.6752678990027808
3,Low-Low,Nucleus,0.1147268188961731,101346,28458,7446,0.8278238276629811
4,High-High,Nucleus,0.11410176853861755,74678,28458,5884,0.679718375018293
5,High-High,Cell_periphery_2,0.11223346521479358,78018,36226,6411,0.6752678990027808
5,High-High,Cell_periphery_3,0.10229549828382217,78018,22788,5156,0.6752678990027808
6,Low-Low,Cell_periphery_3,0.09987128421862428,75879,22788,4927,0.6090731128996865
4,High-High,Cell_periphery_2,0.09153862800258859,74678,36226,5076,0.679718375018293
5,High-High,Endosomes_golgi_1,0.08846843258314196,78018,22402,4442,0.6752678990027808
6,High-High,Nuclear_envelope,0.08355692874758333,70120,3674,3083,0.6090731128996865
3,Low-Low,Endosomes_golgi_1,0.08355690597019075,101346,22402,5170,0.8278238276629811
6,Low-Low,ER_mitochondria_1,0.08135915062214541,75879,33660,4456,0.6090731128996865
2,High-High,Cell_periphery_1,0.07429168862812903,77848,37885,4299,0.916674727435725
4,Low-Low,ER_mitochondria_2,0.07091540338935831,83986,32378,4126,0.679718375018293
2,Low-Low,Nucleus,0.06862110272929804,95090,28458,4239,0.916674727435725
4,High-High,Cell_periphery_1,0.06687810381741187,74678,37885,3764,0.679718375018293
6,High-High,Cell_periphery_2,0.0662366238504442,70120,36226,3522,0.6090731128996865
5,Low-Low,ER_mitochondria_1,0.0649434290687498,81240,33660,3731,0.6752678990027808
4,High-High,Nuclear_envelope,0.06368695119460081,74678,3674,2495,0.679718375018293
5,Low-Low,Nuclear_envelope,0.0624631980592055,81240,3674,2652,0.6752678990027808
3,High-High,ER_mitochondria_1,0.06242150418371997,88958,33660,3827,0.8278238276629811
2,Low-Low,Cell_periphery_1,0.05793570219965723,95090,37885,3852,0.916674727435725
2,High-High,Nuclear_envelope,0.04940997522140657,77848,3674,2014,0.916674727435725
6,Low-Low,Endosomes_golgi_2,0.040525541416065604,75879,1603,1570,0.6090731128996865
3,High-High,Nuclear_envelope,0.04000777269193799,88958,3674,1853,0.8278238276629811
4,Low-Low,Cell_periphery_3,0.03909191376177355,83986,22788,2087,0.679718375018293
4,High-High,Endosomes_golgi_1,0.033704161516271765,74678,22402,1636,0.679718375018293
3,High-High,Cell_periphery_2,0.03340682515337157,88958,36226,2091,0.8278238276629811
3,High-High,ER_mitochondria_2,0.027362035999206554,88958,32378,1660,0.8278238276629811
4,High-High,Endosomes_golgi_2,0.027136508435911023,74678,1603,1035,0.679718375018293
6,High-High,Endosomes_golgi_1,0.02598300944639913,70120,22402,1202,0.6090731128996865
5,Low-Low,Endosomes_golgi_2,0.02329708001882799,81240,1603,965,0.6752678990027808
2,Low-Low,Endosomes_golgi_2,0.021449329320631125,95090,1603,1037,0.916674727435725
1,High-High,Endosomes_golgi_2,0.01419059436220844,112839,1603,812,0.9663227474082545
3,Low-Low,Endosomes_golgi_2,0.013113289104312514,101346,1603,675,0.8278238276629811
3,Low-Low,Nuclear_envelope,0.012302418586934651,101346,3674,646,0.8278238276629811
3,Low-Low,Cell_periphery_3,0.011858153285964212,101346,22788,736,0.8278238276629811
3,Low-Low,Cell_periphery_1,0.010514899699060515,101346,37885,732,0.8278238276629811
1,High-High,Nuclear_envelope,0.010453769107309017,112839,3674,609,0.9663227474082545
2,Low-Low,Cell_periphery_2,0.007950287855249325,95090,36226,522,0.916674727435725
1,High-High,Cell_periphery_3,0.007786060297727754,112839,22788,528,0.9663227474082545
1,Low-Low,ER_mitochondria_1,0.007575601339134815,111807,33660,551,0.9663227474082545
5,High-High,Endosomes_golgi_2,0.00552618027907141,78018,1603,220,0.6752678990027808
4,Low-Low,Endosomes_golgi_2,0.004696865251375212,83986,1603,201,0.679718375018293
1,Low-Low,Nuclear_envelope,0.004416310908287561,111807,3674,255,0.9663227474082545
5,High-High,Nuclear_envelope,0.004210938647602677,78018,3674,172,0.6752678990027808
2,High-High,ER_mitochondria_2,0.0036470524195739984,77848,32378,201,0.916674727435725
4,Low-Low,Nuclear_envelope,0.0031257129819754594,83986,3674,137,0.679718375018293
2,High-High,Cell_periphery_3,0.0029412933741401743,77848,22788,148,0.916674727435725
3,High-High,Endosomes_golgi_2,0.002318878987643432,88958,1603,105,0.8278238276629811
2,Low-Low,Nuclear_envelope,0.001944028188408535,95090,3674,96,0.916674727435725
1,Low-Low,Endosomes_golgi_2,0.0016577021426680489,111807,1603,94,0.9663227474082545
6,Low-Low,Nuclear_envelope,0.0004776689753999877,75879,3674,19,0.6090731128996865
2,High-High,ER_mitochondria_1,0.00023316712702225553,77848,33660,13,0.916674727435725
1,Low-Low,Nucleolus,0.0001711397294769743,111807,51802,14,0.9663227474082545
2,High-High,Endosomes_golgi_2,5.03454959660608e-05,77848,1603,2,0.916674727435725
6,High-High,Endosomes_golgi_2,2.7885057791778387e-05,70120,1603,1,0.6090731128996865
2,Low-Low,Nucleolus,2.7230890722433675e-05,95090,51802,2,0.916674727435725
1,High-High,ER_mitochondria_2,1.3772492201325341e-05,112839,32378,1,0.9663227474082545
2,High-High,Endosomes_golgi_1,0.0,77848,22402,0,0.916674727435725
1,High-High,Cell_periphery_2,0.0,112839,36226,0,0.9663227474082545
1,High-High,Cell_periphery_1,0.0,112839,37885,0,0.9663227474082545
1,Low-Low,Endosomes_golgi_1,0.0,111807,22402,0,0.9663227474082545
1,Low-Low,Nucleus,0.0,111807,28458,0,0.9663227474082545
