analysis,lisa_cluster,region,dice,hotspot_size,region_size,intersection
multivariate,Low-Low,Cell_periphery_1,0.5100352256901429,108599,37885,37356
multivariate,Low-Low,Cell_periphery_2,0.49988606939406177,108599,36226,36198
multivariate,High-High,Nucleolus,0.49674763226394963,110695,51802,40360
multivariate,High-High,Nucleus,0.40520865522120214,110695,28458,28193
multivariate,Low-Low,ER_mitochondria_2,0.3831405122821181,108599,32378,27007
multivariate,High-High,Endosomes_golgi_1,0.33500379422523907,110695,22402,22294
multivariate,High-High,ER_mitochondria_1,0.2404211838869287,110695,33660,17353
multivariate,Low-Low,Cell_periphery_3,0.10465266731106541,108599,22788,6875
multivariate,High-High,Cell_periphery_3,0.016226785433349846,110695,22788,1083
multivariate,High-High,Endosomes_golgi_2,0.01367789274964704,110695,1603,768
multivariate,High-High,Nuclear_envelope,0.011244305712211243,110695,3674,643
multivariate,Low-Low,ER_mitochondria_1,0.007605845675844227,108599,33660,541
multivariate,Low-Low,Nuclear_envelope,0.006430753609504829,108599,3674,361
multivariate,Low-Low,Endosomes_golgi_2,0.0027041251519933666,108599,1603,149
multivariate,Low-Low,Nucleolus,0.0013965000218202257,108599,51802,112
multivariate,High-High,ER_mitochondria_2,1.3978877915468747e-05,110695,32378,1
multivariate,High-High,Cell_periphery_1,0.0,110695,37885,0
multivariate,High-High,Cell_periphery_2,0.0,110695,36226,0
multivariate,Low-Low,Endosomes_golgi_1,0.0,108599,22402,0
multivariate,Low-Low,Nucleus,0.0,108599,28458,0
