mode,lisa_cluster,region,dice,hotspot_size,region_size,intersection
8,Low-Low,Nucleolus,0.8394400703368825,49425,51802,42487
14,Low-Low,Nucleolus,0.7244715386180481,41535,51802,33810
12,Low-Low,Nucleolus,0.6401837342356798,46601,51802,31498
1,Low-Low,Cell_periphery_2,0.5874150909621372,69917,36226,31175
3,High-High,Endosomes_golgi_1,0.576564382300711,51477,22402,21298
16,High-High,Nucleolus,0.5743134973768494,39312,51802,26164
2,Low-Low,Cell_periphery_2,0.5691158039558827,69893,36226,30197
3,Low-Low,Cell_periphery_2,0.5649405680261886,55812,36226,25998
4,Low-Low,Cell_periphery_2,0.5612389204261965,64184,36226,28177
6,Low-Low,Cell_periphery_2,0.5609854063461733,60871,36226,27235
7,High-High,Nucleolus,0.5563009493605989,46580,51802,27365
6,High-High,Nucleolus,0.5515852774570636,59945,51802,30819
4,Low-Low,Cell_periphery_1,0.5329923875025195,64184,37885,27201
5,High-High,Nucleus,0.5292689678668971,65464,28458,24855
15,High-High,Nucleolus,0.5157541899440792,42173,51802,24234
2,Low-Low,Cell_periphery_1,0.5095659596577679,69893,37885,27460
1,Low-Low,Cell_periphery_1,0.5048143819223665,69917,37885,27210
5,Low-Low,Cell_periphery_2,0.5036587542387507,64628,36226,25398
6,Low-Low,Cell_periphery_1,0.49937219004409866,60871,37885,24658
3,Low-Low,Cell_periphery_1,0.499204883827604,55812,37885,23387
2,High-High,Nucleus,0.49384193262223364,68488,28458,23938
14,High-High,ER_mitochondria_1,0.4882944699656349,52325,33660,20993
4,High-High,Nucleus,0.4689115005626859,58616,28458,20415
8,High-High,Endosomes_golgi_1,0.46651698007290676,48858,22402,16622
1,High-High,Nucleus,0.4645822803089997,68485,28458,22519
4,High-High,Endosomes_golgi_1,0.46342788022409054,58616,22402,18773
18,Low-Low,Nucleolus,0.45787074399628575,39892,51802,20992
8,High-High,ER_mitochondria_1,0.44724787319124953,48858,33660,18453
6,High-High,Nucleus,0.4451432643688059,59945,28458,19676
5,Low-Low,Cell_periphery_1,0.4439827143874002,64628,37885,22757
14,High-High,Endosomes_golgi_1,0.4191256172467222,52325,22402,15660
3,High-High,Nucleus,0.41748920998305905,51477,28458,16686
2,High-High,Nucleolus,0.4148973314489638,68488,51802,24954
1,High-High,Endosomes_golgi_1,0.409761572061966,68485,22402,18621
12,High-High,ER_mitochondria_1,0.40974469394027563,47615,33660,16651
16,Low-Low,Endosomes_golgi_1,0.40808094979211756,34621,22402,11635
15,Low-Low,Cell_periphery_1,0.37646503774329854,42659,37885,15161
19,High-High,Nucleolus,0.369744801717182,40440,51802,17053
7,Low-Low,ER_mitochondria_1,0.3661986629716222,42479,33660,13941
1,High-High,Nucleolus,0.3617847315170915,68485,51802,21759
5,High-High,Nucleolus,0.3566421639690655,65464,51802,20911
9,Low-Low,ER_mitochondria_2,0.3472609511958998,57635,32378,15629
5,High-High,Endosomes_golgi_1,0.34670976259299996,65464,22402,15232
19,Low-Low,ER_mitochondria_1,0.3451672940484537,37801,33660,12333
9,High-High,Cell_periphery_1,0.34170166433345345,58550,37885,16476
2,High-High,Endosomes_golgi_1,0.3390471999119442,68488,22402,15408
10,Low-Low,Cell_periphery_1,0.33871165493730676,43677,37885,13813
20,High-High,Cell_periphery_1,0.3342978078210456,41260,37885,13229
13,High-High,Cell_periphery_1,0.3265527987823634,44901,37885,13517
17,High-High,Cell_periphery_3,0.3164327825292176,37427,22788,9527
20,Low-Low,Cell_periphery_2,0.315761283229454,34720,36226,11201
18,High-High,Endosomes_golgi_1,0.3090777051560867,39563,22402,9576
17,High-High,ER_mitochondria_2,0.28914834180928456,37427,32378,10092
15,Low-Low,Cell_periphery_3,0.2876526043974074,42659,22788,9413
13,High-High,Cell_periphery_3,0.2872549454120629,44901,22788,9722
12,High-High,Cell_periphery_3,0.2819766203144352,47615,22788,9926
13,Low-Low,Cell_periphery_2,0.27956069393245864,43263,36226,11111
13,Low-Low,ER_mitochondria_1,0.26850226850223363,43263,33660,10327
12,High-High,Endosomes_golgi_1,0.26447862661921184,47615,22402,9259
18,High-High,Cell_periphery_3,0.2586646565411527,39563,22788,8064
19,High-High,Cell_periphery_3,0.25501360156888486,40440,22788,8062
7,Low-Low,Cell_periphery_2,0.25452004319925614,42479,36226,10016
10,High-High,ER_mitochondria_2,0.24728286615320882,41505,32378,9135
5,Low-Low,ER_mitochondria_2,0.23771725460278356,64628,32378,11530
3,High-High,ER_mitochondria_1,0.2369827454572939,51477,33660,10088
13,Low-Low,ER_mitochondria_2,0.23518991023383679,43263,32378,8895
20,High-High,Cell_periphery_3,0.23516737446911143,41260,22788,7531
9,High-High,Nucleolus,0.2308793678410694,58550,51802,12739
18,Low-Low,Cell_periphery_2,0.2306944480937189,39892,36226,8780
19,Low-Low,Endosomes_golgi_1,0.23002175971293293,37801,22402,6924
9,Low-Low,ER_mitochondria_1,0.22921299085380042,57635,33660,10463
20,Low-Low,ER_mitochondria_2,0.22891889475092717,34720,32378,7680
10,Low-Low,Nucleolus,0.2270237434409423,43677,51802,10838
9,Low-Low,Cell_periphery_2,0.22454480561679244,57635,36226,10538
9,High-High,Nucleus,0.22048547260019533,58550,28458,9592
18,High-High,ER_mitochondria_1,0.2169810032366583,39563,33660,7944
20,High-High,Endosomes_golgi_1,0.21507335616219803,41260,22402,6846
11,High-High,ER_mitochondria_2,0.21373979377253874,36575,32378,7369
8,High-High,Cell_periphery_3,0.20606872679560534,48858,22788,7382
15,Low-Low,Endosomes_golgi_1,0.2057761177971126,42659,22402,6694
11,High-High,ER_mitochondria_1,0.20522531501385274,36575,33660,7207
7,Low-Low,ER_mitochondria_2,0.20377519804424385,42479,32378,7627
16,Low-Low,Cell_periphery_1,0.1995972747082725,34621,37885,7236
17,Low-Low,ER_mitochondria_1,0.19927068079360852,35994,33660,6940
1,Low-Low,ER_mitochondria_2,0.19582579793731894,69917,32378,10016
13,High-High,Nucleus,0.19506808980490534,44901,28458,7155
11,Low-Low,Cell_periphery_1,0.19388031410774523,35975,37885,7160
16,Low-Low,Cell_periphery_3,0.19383720322594128,34621,22788,5564
18,High-High,Cell_periphery_1,0.1916640842887884,39563,37885,7422
4,High-High,Nucleolus,0.18971544494555329,58616,51802,10474
17,Low-Low,Nucleolus,0.18754840767230996,35994,51802,8233
2,Low-Low,ER_mitochondria_2,0.18621114489931787,69893,32378,9522
7,Low-Low,Endosomes_golgi_1,0.18313527843279495,42479,22402,5941
12,High-High,ER_mitochondria_2,0.17844061355366364,47615,32378,7137
4,High-High,ER_mitochondria_1,0.1735445836403644,58616,33660,8007
14,High-High,ER_mitochondria_2,0.16478755179861815,52325,32378,6979
17,Low-Low,Cell_periphery_1,0.16432274394616003,35994,37885,6070
17,High-High,Cell_periphery_2,0.16129689218359589,37427,36226,5940
7,High-High,Cell_periphery_3,0.1595260062276324,46580,22788,5533
9,High-High,Cell_periphery_3,0.15916299884430904,58550,22788,6473
11,Low-Low,Nucleolus,0.15837861854470325,35975,51802,6951
12,Low-Low,Cell_periphery_1,0.1578723102052224,46601,37885,6669
11,High-High,Cell_periphery_3,0.1568316965112685,36575,22788,4655
16,Low-Low,ER_mitochondria_1,0.1558852389390671,34621,33660,5322
11,High-High,Nucleolus,0.15257363341139069,36575,51802,6742
15,High-High,ER_mitochondria_2,0.15240573567086257,42173,32378,5681
10,High-High,Cell_periphery_2,0.15154828832767472,41505,36226,5890
4,Low-Low,ER_mitochondria_2,0.15082537644206304,64184,32378,7282
11,Low-Low,Nucleus,0.14759517638474887,35975,28458,4755
15,High-High,Cell_periphery_2,0.14755290246047176,42173,36226,5784
20,Low-Low,Nucleolus,0.14431011765792004,34720,51802,6243
12,Low-Low,Cell_periphery_2,0.14403515761766766,46601,36226,5965
11,Low-Low,Cell_periphery_3,0.1430832326463688,35975,22788,4204
20,Low-Low,ER_mitochondria_1,0.1429657794676597,34720,33660,4888
10,High-High,ER_mitochondria_1,0.14261957027870117,41505,33660,5360
16,High-High,Nucleus,0.1400914859081983,39312,28458,4747
13,High-High,Nucleolus,0.13960270105372743,44901,51802,6750
7,High-High,Nucleus,0.139316079852856,46580,28458,5227
8,Low-Low,Nucleus,0.13751396325255352,49425,28458,5355
17,Low-Low,Nucleus,0.13740458015265045,35994,28458,4428
15,Low-Low,ER_mitochondria_1,0.13716112632501248,42659,33660,5234
9,Low-Low,Nucleolus,0.1367544797463256,57635,51802,7483
19,Low-Low,ER_mitochondria_2,0.13656506932271242,37801,32378,4792
6,Low-Low,ER_mitochondria_2,0.13576553099763689,60871,32378,6330
6,High-High,Endosomes_golgi_1,0.13367821535694882,59945,22402,5504
13,Low-Low,Nucleolus,0.1312785988534023,43263,51802,6240
10,High-High,Nucleolus,0.12972231451015148,41505,51802,6052
11,Low-Low,Cell_periphery_2,0.12902868381322571,35975,36226,4658
8,High-High,ER_mitochondria_2,0.1283421143335309,48858,32378,5213
19,Low-Low,Cell_periphery_2,0.12703473057126088,37801,36226,4702
16,High-High,Nuclear_envelope,0.12566882240726618,39312,3674,2701
10,High-High,Endosomes_golgi_1,0.12455599543084099,41505,22402,3980
17,High-High,Cell_periphery_1,0.12367219035477432,37427,37885,4657
10,Low-Low,ER_mitochondria_1,0.1232010551223705,43677,33660,4764
14,Low-Low,Nucleus,0.12304087551610547,41535,28458,4306
11,Low-Low,ER_mitochondria_2,0.12169180577295485,35975,32378,4159
3,Low-Low,ER_mitochondria_2,0.12076199115544611,55812,32378,5325
17,Low-Low,ER_mitochondria_2,0.11791376586905197,35994,32378,4031
10,High-High,Nucleus,0.11769077941195809,41505,28458,4117
19,High-High,Cell_periphery_1,0.11398659431852998,40440,37885,4464
10,Low-Low,Nucleus,0.11195674776459251,43677,28458,4038
18,Low-Low,ER_mitochondria_2,0.1100871731008565,39892,32378,3978
19,High-High,Nucleus,0.10978547998488929,40440,28458,3782
14,High-High,Cell_periphery_3,0.10645294423067826,52325,22788,3998
9,High-High,Cell_periphery_2,0.10424580062461972,58550,36226,4940
13,High-High,Nuclear_envelope,0.1030983015954497,44901,3674,2504
17,Low-Low,Cell_periphery_2,0.10196621434504266,35994,36226,3682
10,Low-Low,Cell_periphery_3,0.10173775671404472,43677,22788,3381
19,High-High,ER_mitochondria_2,0.09786041912712545,40440,32378,3563
1,High-High,ER_mitochondria_1,0.09737138381711319,68485,33660,4973
9,Low-Low,Nucleus,0.09708106350108638,57635,28458,4179
20,High-High,Nucleus,0.09601537622994119,41260,28458,3347
13,Low-Low,Endosomes_golgi_1,0.09435772481533627,43263,22402,3098
5,Low-Low,Cell_periphery_3,0.09426192001463185,64628,22788,4120
10,High-High,Cell_periphery_3,0.09419376915059273,41505,22788,3028
9,High-High,Endosomes_golgi_1,0.08975689297360291,58550,22402,3633
15,Low-Low,Nucleus,0.0873771390806576,42659,28458,3107
10,Low-Low,ER_mitochondria_2,0.08662152389716829,43677,32378,3294
11,Low-Low,ER_mitochondria_1,0.08481367128597907,35975,33660,2953
9,Low-Low,Endosomes_golgi_1,0.08268675737470386,57635,22402,3309
7,High-High,Cell_periphery_1,0.08209317468773077,46580,37885,3467
19,High-High,Nuclear_envelope,0.08042798204649762,40440,3674,1774
12,High-High,Nucleus,0.07947629250850112,47615,28458,3023
11,High-High,Nucleus,0.07713007242475711,36575,28458,2508
11,High-High,Endosomes_golgi_2,0.07690292838805676,36575,1603,1468
18,Low-Low,Nucleus,0.07569861009508769,39892,28458,2587
2,High-High,ER_mitochondria_1,0.07530250225162752,68488,33660,3846
11,High-High,Cell_periphery_2,0.07390008379004769,36575,36226,2690
7,High-High,Nuclear_envelope,0.07275042782662619,46580,3674,1828
18,High-High,ER_mitochondria_2,0.07230925341598361,39563,32378,2601
5,High-High,ER_mitochondria_1,0.07178887050562208,65464,33660,3558
19,Low-Low,Nucleus,0.07177892814559958,37801,28458,2378
20,High-High,ER_mitochondria_1,0.07028830752802052,41260,33660,2633
17,High-High,Nucleus,0.06994004705167034,37427,28458,2304
19,Low-Low,Cell_periphery_1,0.06762148878259287,37801,37885,2559
10,Low-Low,Cell_periphery_2,0.0671313968186342,43677,36226,2682
18,High-High,Nucleus,0.06609723467751634,39563,28458,2248
15,High-High,Nucleus,0.06555195310839922,42173,28458,2315
20,Low-Low,Cell_periphery_1,0.0637421665174487,34720,37885,2314
10,High-High,Nuclear_envelope,0.06312667389715064,41505,3674,1426
6,High-High,ER_mitochondria_1,0.06279579082313308,59945,33660,2939
13,Low-Low,Nucleus,0.06212964124871905,43263,28458,2228
16,Low-Low,ER_mitochondria_2,0.06125464559171611,34621,32378,2052
9,Low-Low,Cell_periphery_3,0.06122626611789399,57635,22788,2462
15,High-High,ER_mitochondria_1,0.05944641514906974,42173,33660,2254
9,High-High,ER_mitochondria_1,0.0593644940895717,58550,33660,2737
12,Low-Low,Nucleus,0.05795440919808978,46601,28458,2175
20,High-High,Endosomes_golgi_2,0.05524578307630002,41260,1603,1184
16,Low-Low,Nucleus,0.05510550262368536,34621,28458,1738
13,High-High,Endosomes_golgi_1,0.054559232129317486,44901,22402,1836
16,High-High,ER_mitochondria_2,0.05375924117728362,39312,32378,1927
20,High-High,Nucleolus,0.05353420300444289,41260,51802,2491
7,High-High,ER_mitochondria_2,0.052838217786664705,46580,32378,2086
2,Low-Low,Cell_periphery_3,0.05243793226227032,69893,22788,2430
17,Low-Low,Cell_periphery_3,0.05192065598311525,35994,22788,1526
11,High-High,Cell_periphery_1,0.05119527262959291,36575,37885,1906
19,Low-Low,Nucleolus,0.05002064663012957,37801,51802,2241
11,High-High,Endosomes_golgi_1,0.04934126863013559,36575,22402,1455
6,Low-Low,Cell_periphery_3,0.04869768942970288,60871,22788,2037
20,High-High,Cell_periphery_2,0.046434194564173345,41260,36226,1799
17,High-High,ER_mitochondria_1,0.045803030089883415,37427,33660,1628
7,Low-Low,Cell_periphery_1,0.04487083768851167,42479,37885,1803
17,High-High,Nuclear_envelope,0.042967324395989645,37427,3674,883
10,High-High,Cell_periphery_1,0.04295251291094056,41505,37885,1705
20,High-High,ER_mitochondria_2,0.04188055080256907,41260,32378,1542
16,High-High,Cell_periphery_2,0.04156848208847976,39312,36226,1570
7,Low-Low,Nucleus,0.04147342007696386,42479,28458,1471
3,High-High,Nucleolus,0.04134431975522213,51477,51802,2135
9,Low-Low,Cell_periphery_1,0.04131072026800238,57635,37885,1973
14,High-High,Nucleus,0.040057932980944004,52325,28458,1618
11,Low-Low,Nuclear_envelope,0.03924436934095709,35975,3674,778
18,Low-Low,Cell_periphery_1,0.03893181788960246,39892,37885,1514
19,Low-Low,Cell_periphery_3,0.03858786248328268,37801,22788,1169
13,High-High,ER_mitochondria_1,0.037754101908066634,44901,33660,1483
10,High-High,Endosomes_golgi_2,0.03767282175001446,41505,1603,812
13,High-High,ER_mitochondria_2,0.03724168273398501,44901,32378,1439
9,Low-Low,Endosomes_golgi_2,0.03436983017657005,57635,1603,1018
15,Low-Low,ER_mitochondria_2,0.03384996734943643,42659,32378,1270
3,High-High,Endosomes_golgi_2,0.03345892991709995,51477,1603,888
19,Low-Low,Endosomes_golgi_2,0.03223023043345036,37801,1603,635
16,High-High,ER_mitochondria_1,0.03214931754645177,39312,33660,1173
20,Low-Low,Nucleus,0.03197315521225237,34720,28458,1010
4,Low-Low,Cell_periphery_3,0.03168835947201034,64184,22788,1378
9,High-High,Nuclear_envelope,0.031434816148105005,58550,3674,978
14,Low-Low,Cell_periphery_1,0.030647192143033162,41535,37885,1217
14,High-High,Endosomes_golgi_2,0.030448004747064522,52325,1603,821
1,Low-Low,Cell_periphery_3,0.030419071247502247,69917,22788,1410
14,Low-Low,Cell_periphery_2,0.030297964275146888,41535,36226,1178
17,High-High,Endosomes_golgi_2,0.029976940814750202,37427,1603,585
20,High-High,Nuclear_envelope,0.029287399296739822,41260,3674,658
11,High-High,Nuclear_envelope,0.02857213843821497,36575,3674,575
17,High-High,Nucleolus,0.0265160429905046,37427,51802,1183
7,Low-Low,Cell_periphery_3,0.026475860695293722,42479,22788,864
19,High-High,Cell_periphery_2,0.02632196801710976,40440,36226,1009
18,Low-Low,ER_mitochondria_1,0.026267130737433888,39892,33660,966
20,Low-Low,Cell_periphery_3,0.02611810530708317,34720,22788,751
8,Low-Low,Nuclear_envelope,0.024859225220809272,49425,3674,660
3,Low-Low,Cell_periphery_3,0.02379134860050588,55812,22788,935
14,High-High,Cell_periphery_2,0.02287947058756842,52325,36226,1013
18,Low-Low,Nuclear_envelope,0.022173254372670852,39892,3674,483
9,High-High,ER_mitochondria_2,0.021247580503252986,58550,32378,966
15,High-High,Cell_periphery_1,0.02100976791825664,42173,37885,841
17,High-High,Endosomes_golgi_1,0.020993163850303198,37427,22402,628
12,High-High,Nuclear_envelope,0.02094016260796254,47615,3674,537
17,Low-Low,Endosomes_golgi_1,0.020857592985817377,35994,22402,609
18,High-High,Cell_periphery_2,0.020557072926147522,39563,36226,779
5,High-High,Nuclear_envelope,0.020336139315568814,65464,3674,703
17,Low-Low,Nuclear_envelope,0.02006655238478873,35994,3674,398
10,Low-Low,Endosomes_golgi_1,0.019340486387502936,43677,22402,639
14,High-High,Cell_periphery_1,0.01911096330783515,52325,37885,862
9,Low-Low,Nuclear_envelope,0.01895317163874489,57635,3674,581
18,High-High,Nuclear_envelope,0.018641441358091766,39563,3674,403
15,High-High,Nuclear_envelope,0.018060069361132015,42173,3674,414
13,Low-Low,Cell_periphery_1,0.018016463745253362,43263,37885,731
14,Low-Low,Nuclear_envelope,0.017518635669884864,41535,3674,396
19,High-High,ER_mitochondria_1,0.01697705802968732,40440,33660,629
15,Low-Low,Nuclear_envelope,0.016920985043054212,42659,3674,392
12,High-High,Cell_periphery_1,0.01686549707602142,47615,37885,721
16,Low-Low,Cell_periphery_2,0.01682498906093175,34621,36226,596
1,High-High,Endosomes_golgi_2,0.01615112430087659,68485,1603,566
16,High-High,Cell_periphery_3,0.016070853462155223,39312,22788,499
13,Low-Low,Endosomes_golgi_2,0.014398430883070834,43263,1603,323
7,Low-Low,Endosomes_golgi_2,0.014336917562720763,42479,1603,316
15,Low-Low,Cell_periphery_2,0.014324649806678795,42659,36226,565
7,High-High,Cell_periphery_2,0.014153563751417271,46580,36226,586
4,High-High,Endosomes_golgi_2,0.013783025291018818,58616,1603,415
20,Low-Low,Nuclear_envelope,0.013335416992234898,34720,3674,256
18,Low-Low,Cell_periphery_3,0.01285896617740701,39892,22788,403
15,High-High,Cell_periphery_3,0.012776896907373228,42173,22788,415
8,High-High,Cell_periphery_1,0.012681138535672886,48858,37885,550
20,Low-Low,Endosomes_golgi_1,0.012499562340252006,34720,22402,357
15,Low-Low,Endosomes_golgi_2,0.012200081333872804,42659,1603,270
6,High-High,Endosomes_golgi_2,0.012088126340415272,59945,1603,372
14,High-High,Nuclear_envelope,0.012000214289538742,52325,3674,336
11,Low-Low,Endosomes_golgi_1,0.011785463453070253,35975,22402,344
15,Low-Low,Nucleolus,0.011708535797841257,42659,51802,553
5,Low-Low,ER_mitochondria_1,0.011517174019207684,64628,33660,566
18,High-High,Nucleolus,0.010988890713072732,39563,51802,502
13,High-High,Cell_periphery_2,0.010477399632673403,44901,36226,425
16,High-High,Cell_periphery_1,0.010078111843723193,39312,37885,389
3,High-High,Cell_periphery_3,0.009587288763211528,51477,22788,356
4,High-High,Cell_periphery_3,0.00948356346125381,58616,22788,386
8,High-High,Nucleus,0.009441771431526535,48858,28458,365
13,Low-Low,Cell_periphery_3,0.009326126780819469,43263,22788,308
7,High-High,ER_mitochondria_1,0.009272183449649892,46580,33660,372
14,Low-Low,Cell_periphery_3,0.00907917852090091,41535,22788,292
6,Low-Low,ER_mitochondria_1,0.008822502671080512,60871,33660,417
7,Low-Low,Nucleolus,0.008761044112810772,42479,51802,413
14,Low-Low,ER_mitochondria_2,0.008469416746714588,41535,32378,313
10,Low-Low,Nuclear_envelope,0.008363075753414212,43677,3674,198
18,Low-Low,Endosomes_golgi_2,0.007856368237135111,39892,1603,163
16,Low-Low,Nucleolus,0.007821991830877449,34621,51802,338
6,High-High,Cell_periphery_3,0.007687379884688373,59945,22788,318
16,Low-Low,Endosomes_golgi_2,0.007674469964662193,34621,1603,139
6,High-High,Nuclear_envelope,0.007607790125590216,59945,3674,242
8,Low-Low,Cell_periphery_1,0.007582178444621741,49425,37885,331
5,Low-Low,Endosomes_golgi_2,0.0073379535262932255,64628,1603,243
8,Low-Low,Cell_periphery_2,0.00623460321537329,49425,36226,267
12,High-High,Cell_periphery_2,0.006106797390297574,47615,36226,256
8,Low-Low,Endosomes_golgi_2,0.005839931018263338,49425,1603,149
2,High-High,Nuclear_envelope,0.005238214018457743,68488,3674,189
8,High-High,Cell_periphery_2,0.005100841521319508,48858,36226,217
15,High-High,Endosomes_golgi_1,0.005048393341075486,42173,22402,163
6,Low-Low,Nuclear_envelope,0.00449298938724851,60871,3674,145
16,High-High,Endosomes_golgi_2,0.004448246364412942,39312,1603,91
4,High-High,Nuclear_envelope,0.004398779900464858,58616,3674,137
12,Low-Low,Nuclear_envelope,0.004296369965190593,46601,3674,108
2,Low-Low,ER_mitochondria_1,0.00413314920861741,69893,33660,214
17,Low-Low,Endosomes_golgi_2,0.004096071495065007,35994,1603,77
7,Low-Low,Nuclear_envelope,0.0037700691179330123,42479,3674,87
7,High-High,Endosomes_golgi_2,0.003320673266504095,46580,1603,80
15,High-High,Endosomes_golgi_2,0.003289473684209775,42173,1603,72
19,Low-Low,Nuclear_envelope,0.003279083785412109,37801,3674,68
13,High-High,Endosomes_golgi_2,0.003010493720969592,44901,1603,70
5,High-High,Cell_periphery_3,0.002900784118206624,65464,22788,128
19,High-High,Endosomes_golgi_1,0.0028643264059064217,40440,22402,90
8,Low-Low,Cell_periphery_3,0.002741888579618249,49425,22788,99
12,Low-Low,ER_mitochondria_2,0.0027095810278678243,46601,32378,107
2,High-High,Endosomes_golgi_2,0.002682227390106764,68488,1603,94
4,Low-Low,Nuclear_envelope,0.0023283916413683976,64184,3674,79
5,High-High,Endosomes_golgi_2,0.0020874647740316272,65464,1603,70
3,Low-Low,Nuclear_envelope,0.0019836600208449073,55812,3674,59
8,Low-Low,ER_mitochondria_2,0.0017114286762097098,49425,32378,70
12,High-High,Nucleolus,0.0017099691199692498,47615,51802,85
16,High-High,Endosomes_golgi_1,0.0016527854295619062,39312,22402,51
8,High-High,Endosomes_golgi_2,0.0016250173401237342,48858,1603,41
12,Low-Low,Endosomes_golgi_2,0.0016181229773459427,46601,1603,39
6,High-High,ER_mitochondria_2,0.0016030674913075178,59945,32378,74
3,Low-Low,Nucleolus,0.0014310405709293,55812,51802,77
1,Low-Low,Nuclear_envelope,0.001386039053688442,69917,3674,51
2,Low-Low,Endosomes_golgi_2,0.0013427324605570462,69893,1603,48
10,Low-Low,Endosomes_golgi_2,0.0013250883392223222,43677,1603,30
2,High-High,Cell_periphery_3,0.0012051360708180458,68488,22788,55
18,High-High,Endosomes_golgi_2,0.0011660107855994836,39563,1603,24
20,Low-Low,Endosomes_golgi_2,0.0011012306252233845,34720,1603,20
7,High-High,Endosomes_golgi_1,0.0010437505436199236,46580,22402,36
4,Low-Low,ER_mitochondria_1,0.0010424757777685865,64184,33660,51
1,Low-Low,Endosomes_golgi_2,0.000866890380313078,69917,1603,31
14,High-High,Nucleolus,0.0008643291365351097,52325,51802,45
18,Low-Low,Endosomes_golgi_1,0.0008347513404178838,39892,22402,26
12,High-High,Endosomes_golgi_2,0.0008127107968627712,47615,1603,20
6,Low-Low,Endosomes_golgi_1,0.0007925738234480813,60871,22402,33
11,Low-Low,Endosomes_golgi_2,0.0006918941934108543,35975,1603,13
19,High-High,Endosomes_golgi_2,0.0006659848250598992,40440,1603,14
3,Low-Low,ER_mitochondria_1,0.0006482474964233896,55812,33660,29
3,High-High,Nuclear_envelope,0.0006164892748997087,51477,3674,17
14,Low-Low,ER_mitochondria_1,0.0006117428020479272,41535,33660,23
12,Low-Low,ER_mitochondria_1,0.0005980488655759836,46601,33660,24
1,High-High,Nuclear_envelope,0.000582047977383198,68485,3674,21
2,Low-Low,Nuclear_envelope,0.0005709081517527464,69893,3674,21
1,High-High,Cell_periphery_3,0.000569719413188942,68485,22788,26
9,High-High,Endosomes_golgi_2,0.0005319767925123383,58550,1603,16
12,Low-Low,Cell_periphery_3,0.00046116819668816947,46601,22788,16
6,Low-Low,Endosomes_golgi_2,0.0004481864455612818,60871,1603,14
1,Low-Low,ER_mitochondria_1,0.00042480473464181963,69917,33660,22
8,High-High,Nuclear_envelope,0.00038072032285076134,48858,3674,10
5,Low-Low,Nuclear_envelope,0.00026353547480304184,64628,3674,9
4,Low-Low,Endosomes_golgi_2,0.0002432091446638024,64184,1603,8
3,High-High,ER_mitochondria_2,0.00021465625186330994,51477,32378,9
4,High-High,ER_mitochondria_2,0.00019781524056529027,58616,32378,9
8,Low-Low,ER_mitochondria_1,0.0001685021363663515,49425,33660,7
5,High-High,ER_mitochondria_2,0.00014308783548985682,65464,32378,7
4,Low-Low,Nucleolus,0.00012070422292344587,64184,51802,7
8,High-High,Nucleolus,9.934432743889337e-05,48858,51802,5
5,Low-Low,Nucleolus,8.588851670530913e-05,64628,51802,5
13,Low-Low,Nuclear_envelope,8.522061486671812e-05,43263,3674,2
2,High-High,ER_mitochondria_2,7.931314813712457e-05,68488,32378,4
16,Low-Low,Nuclear_envelope,5.2226139182647284e-05,34621,3674,1
3,Low-Low,Endosomes_golgi_2,3.4834102586426054e-05,55812,1603,1
1,Low-Low,Nucleolus,3.28625769189664e-05,69917,51802,2
3,Low-Low,Nucleus,2.3733238400376915e-05,55812,28458,1
4,Low-Low,Endosomes_golgi_1,2.309842237774893e-05,64184,22402,1
6,Low-Low,Nucleus,2.23891457421417e-05,60871,28458,1
6,High-High,Cell_periphery_1,2.044362669937438e-05,59945,37885,1
6,Low-Low,Nucleolus,1.775048148180862e-05,60871,51802,1
2,Low-Low,Nucleolus,1.6434528945312754e-05,69893,51802,1
6,High-High,Cell_periphery_2,0.0,59945,36226,0
5,Low-Low,Nucleus,0.0,64628,28458,0
12,Low-Low,Endosomes_golgi_1,0.0,46601,22402,0
8,Low-Low,Endosomes_golgi_1,0.0,49425,22402,0
1,High-High,Cell_periphery_2,0.0,68485,36226,0
1,High-High,Cell_periphery_1,0.0,68485,37885,0
1,High-High,ER_mitochondria_2,0.0,68485,32378,0
1,Low-Low,Endosomes_golgi_1,0.0,69917,22402,0
3,Low-Low,Endosomes_golgi_1,0.0,55812,22402,0
4,Low-Low,Nucleus,0.0,64184,28458,0
5,Low-Low,Endosomes_golgi_1,0.0,64628,22402,0
5,High-High,Cell_periphery_2,0.0,65464,36226,0
5,High-High,Cell_periphery_1,0.0,65464,37885,0
14,Low-Low,Endosomes_golgi_2,0.0,41535,1603,0
14,Low-Low,Endosomes_golgi_1,0.0,41535,22402,0
4,High-High,Cell_periphery_1,0.0,58616,37885,0
3,High-High,Cell_periphery_1,0.0,51477,37885,0
2,Low-Low,Nucleus,0.0,69893,28458,0
2,Low-Low,Endosomes_golgi_1,0.0,69893,22402,0
4,High-High,Cell_periphery_2,0.0,58616,36226,0
3,High-High,Cell_periphery_2,0.0,51477,36226,0
2,High-High,Cell_periphery_1,0.0,68488,37885,0
2,High-High,Cell_periphery_2,0.0,68488,36226,0
1,Low-Low,Nucleus,0.0,69917,28458,0
