,protein,mean,std,2%,98%
0,Hoechst,5133.1763,2893.2444,1392.60986328125,12776.579882812504
1,AF1,350.4992,145.9685,229.13636779785156,720.9465454101564
2,CD31,254.87805,98.6578,206.91744995117188,523.3135986328125
3,CD45,741.4917,891.8422,204.01687622070312,3548.335449218752
4,CD68,323.93494,231.41985,212.83779907226562,860.5026611328126
5,Argo550,219.55238,153.65576,199.61476135253906,268.17424316406255
6,CD4,318.96063,260.24387,221.29930114746094,828.0938476562501
7,FOXP3,218.27885,98.354485,192.88844299316406,307.1411193847657
8,CD8a,266.46823,219.65201,198.89287719726565,814.8829467773439
9,CD45RO,450.23584,252.29274,256.0895935058594,1151.3333740234375
10,CD20,273.887,304.70718,198.82288208007813,939.1435668945319
11,PD-L1,400.50333,211.98378,242.70516662597657,1042.6062744140627
12,CD3e,417.41833,367.30914,213.92156982421875,1552.9532226562505
13,CD163,287.5342,221.1911,129.8020477294922,888.7436279296876
14,E-cadherin,479.7593,479.78366,183.18721618652344,1904.2463867187507
15,PD-1,301.76007,113.59693,219.96633911132812,525.2811645507813
16,Ki67,327.7572,257.28445,209.5513153076172,1174.7109619140629
17,Pan-CK,533.0529,552.50616,208.44650268554688,2235.602246093751
18,SMA,237.5719,156.41263,128.5454559326172,702.2525756835944
