marker,statistic,protein,weight,c_index,logrank_p,hr_high_vs_low,ci_low,ci_high,delta_rmst_low_minus_high,logrank_p_bh
moran_inv_MEAN_PROTEINS,moran,MEAN_PROTEINS,inv_distance,0.6889460154241646,0.00997069049029935,0.21607052360258408,0.06006049084451628,0.7773241695735735,-731.131944444445,0.17947242882538833
geary_inv_MEAN_PROTEINS,geary,MEAN_PROTEINS,inv_distance,0.3213367609254499,0.041671842209993544,3.148140283087358,0.9833616873733592,10.07847607777957,495.66493055555566,0.4716057075631611
moran_inv_CD68,moran,CD68,inv_distance,0.6041131105398457,0.052400634173684436,0.33356964581074156,0.10411889096628768,1.0686697444974795,-642.5499999999995,0.4582008489121789
geary_inv_CD68,geary,CD68,inv_distance,0.390745501285347,0.05240063417368457,2.997874694412012,0.9357427822289756,9.604405028899,642.5499999999995,0.4716057075631611
geary_inv_CD4,geary,CD4,inv_distance,0.3110539845758355,0.12966561482305775,2.279632226015538,0.7620893688582387,6.8190468181891575,384.9843750000002,0.549841018694614
moran_inv_CD4,moran,CD4,inv_distance,0.6889460154241646,0.12966561482305775,0.4386672501765133,0.14664806191572044,1.3121820627129317,-384.9843750000002,0.4582008489121789
moran_inv_CD20,moran,CD20,inv_distance,0.6915167095115681,0.13081207082660815,0.4399482569126016,0.14718024394246848,1.3150845764061603,-385.245098039215,0.4582008489121789
moran_inv_E-cadherin,moran,E-cadherin,inv_distance,0.5912596401028277,0.14451393149261382,0.45085804536734747,0.1504135416256045,1.3514273706714086,-440.3259259259264,0.4582008489121789
geary_inv_E-cadherin,geary,E-cadherin,inv_distance,0.4087403598971722,0.14451393149261385,2.217993025244178,0.7399583741619689,6.648337571155047,440.3259259259264,0.549841018694614
geary_inv_CD3e,geary,CD3e,inv_distance,0.37017994858611825,0.15273361630405946,2.1796914890156773,0.7292320421492922,6.5151484200892,460.4739583333337,0.549841018694614
moran_inv_CD3e,moran,CD3e,inv_distance,0.6349614395886889,0.15273361630405963,0.4587805223993364,0.1534884450086417,1.371305623176765,-460.4739583333337,0.4582008489121789
geary_inv_SMA,geary,SMA,inv_distance,0.3676092544987147,0.2050835566036634,2.002673017058778,0.6695893467590446,5.989789462254663,428.301851851852,0.571127491511652
moran_inv_SMA,moran,SMA,inv_distance,0.6401028277634961,0.20508355660366373,0.4993326376707507,0.16695077620033447,1.4934526734038012,-428.301851851852,0.5076688813436914
geary_inv_CD45,geary,CD45,inv_distance,0.3856041131105398,0.2538344406718453,1.8747386155586556,0.6259489986370257,5.61490614142647,339.3511904761908,0.571127491511652
geary_inv_CD45RO,geary,CD45RO,inv_distance,0.38817480719794345,0.2538344406718453,1.8747386155586556,0.6259489986370257,5.61490614142647,385.8511904761906,0.571127491511652
moran_inv_CD45RO,moran,CD45RO,inv_distance,0.596401028277635,0.2538344406718457,0.5334076930516571,0.17809736704627255,1.5975742467476626,-385.8511904761906,0.5076688813436914
moran_inv_CD45,moran,CD45,inv_distance,0.6118251928020566,0.2538344406718457,0.5334076930516571,0.17809736704627255,1.5975742467476626,-339.3511904761908,0.5076688813436914
geary_inv_Hoechst,geary,Hoechst,inv_distance,0.40102827763496146,0.32326574233486477,1.6964593896540214,0.5872554464443281,4.900719913575339,244.61706349206293,0.5864734235155937
moran_inv_Hoechst,moran,Hoechst,inv_distance,0.5989717223650386,0.32326574233486505,0.5894629757119866,0.20405165315200516,1.7028364846247537,-244.61706349206293,0.5818783362027571
geary_inv_CD8a,geary,CD8a,inv_distance,0.40102827763496146,0.3663942512842294,1.6230847124835661,0.5617109885082945,4.689963411422491,196.551587301587,0.5864734235155937
moran_inv_CD8a,moran,CD8a,inv_distance,0.6041131105398457,0.3663942512842294,0.6161107872612811,0.21322127962970494,1.7802749464731782,-304.96825396825375,0.5995542293741936
geary_inv_CD20,geary,CD20,inv_distance,0.31362467866323906,0.3803943272942981,1.5999494919675343,0.5544578721875304,4.616831152108478,225.41176470588198,0.5864734235155937
geary_inv_Pan-CK,geary,Pan-CK,inv_distance,0.3341902313624679,0.3909822823437291,1.5842627853618425,0.5486237310496274,4.5748815281477935,170.3134920634916,0.5864734235155937
geary_inv_FOXP3,geary,FOXP3,inv_distance,0.35475578406169667,0.43729055019138385,1.5172218765899244,0.5259310747588908,4.376927573367612,190.3923611111111,0.6054792233419161
moran_inv_FOXP3,moran,FOXP3,inv_distance,0.6426735218508998,0.4372905501913843,0.6590993811976786,0.22847076704780817,1.9013898360321124,-190.3923611111111,0.6286121898446536
moran_inv_CD31,moran,CD31,inv_distance,0.5809768637532133,0.4574117627310593,0.6708509531296615,0.23245242794825255,1.936056359089358,-200.8905228758167,0.6286121898446536
moran_inv_CD163,moran,CD163,inv_distance,0.44473007712082263,0.48892059210139727,1.4505190923777682,0.5028375728586085,4.184264961329857,209.6537037037035,0.6286121898446536
geary_inv_CD163,geary,CD163,inv_distance,0.5552699228791774,0.4889205921013975,0.6894083678421266,0.23899060151347984,1.9887137596242976,-209.6537037037035,0.628612189844654
moran_inv_PD-1,moran,PD-1,inv_distance,0.5372750642673522,0.6565456929976607,0.7868639664172372,0.2728853593222478,2.2689194582795946,-154.45000000000027,0.7878548315971928
geary_inv_PD-1,geary,PD-1,inv_distance,0.455012853470437,0.6565456929976611,1.270867700999472,0.44073843007113556,3.664542511491462,154.45000000000027,0.7878548315971933
geary_inv_Ki67,geary,Ki67,inv_distance,0.506426735218509,0.7154471933917076,0.823041126030263,0.28838993223000536,2.34889162010311,-101.39285714285688,0.8048780925656711
moran_inv_Ki67,moran,Ki67,inv_distance,0.4884318766066838,0.7154471933917077,1.2150061137567387,0.42573271216153546,3.467527428115799,101.39285714285688,0.8048780925656712
moran_inv_Pan-CK,moran,Pan-CK,inv_distance,0.6606683804627249,0.7674950908693944,0.8537531093764301,0.2989823196608467,2.437917976543732,-40.28174603174557,0.8126418609205353
geary_inv_CD31,geary,CD31,inv_distance,0.4241645244215938,0.8359517832115313,1.1171438469806894,0.3913129891995698,3.189289416125996,82.39215686274474,0.885125417518092
geary_inv_PD-L1,geary,PD-L1,inv_distance,0.4961439588688946,0.9911637478656499,1.0059242530257122,0.3527259547292861,2.868752892318197,30.272222222222126,0.9911637478656499
moran_inv_PD-L1,moran,PD-L1,inv_distance,0.5141388174807198,0.9911637478656503,0.9941106370505606,0.34858352654833047,2.8350621398629166,-30.272222222222126,0.9911637478656503
