,Head,c-index,pvalue,RMST
0,0,0.3213367609254499,0.403489900377056,213.40196078431336
1,1,0.3393316195372751,0.403489900377056,213.40196078431336
2,2,0.519280205655527,0.3000808250463076,287.57962962962984
3,3,0.2827763496143959,0.03997273580842763,501.9003267973849
4,4,0.3161953727506427,0.04799069351339358,481.60069444444525
5,5,0.493573264781491,0.5016581842274733,-153.21666666666692
6,6,0.4318766066838046,0.526750151915469,196.49479166666697
7,7,0.36246786632390743,0.36043030183172886,200.8055555555561
8,8,0.4473007712082262,0.4423999914740874,341.76785714285734
9,9,0.4267352185089974,0.19310856655034653,416.71006944444457
10,10,0.40102827763496146,0.24429626227545098,349.4781746031749
11,11,0.39331619537275064,0.046203341785859095,601.6284722222231
12,12,0.37275064267352187,0.2607214447453028,323.43703703703704
13,13,0.42930591259640105,0.4467085278616558,343.69791666666674
14,14,0.3496143958868895,0.007286855577437629,659.822916666667
15,15,0.4241645244215938,0.2749209967059256,321.11111111111177
16,16,0.2596401028277635,0.004884343236568567,782.3154761904764
17,17,0.4138817480719794,0.33116098509080794,344.92261904761926
18,18,0.40359897172236503,0.13752550351022805,406.6225490196075
19,19,0.4730077120822622,0.4583374618339695,-219.31150793650795
