model,config,params,mse_mean,mse_std,pearson_mean,pearson_std,spearman_mean,spearman_std
SAIL (dense),{'hidden': 8},82,0.01135137372661866,0.0015857605997712527,0.819381714984154,0.014597455144770339,0.8309728673035679,0.014049344420796604
"GAT (X, k=4 sparse)","{'hidden': 8, 'heads': 2}",337,0.015970178341150634,0.002727444852338925,0.7411112564220348,0.02100631525024233,0.7556771313261044,0.020074489919061876
"GAT (X+coords, k=4 sparse)","{'hidden': 8, 'heads': 2}",401,0.01654865143577959,0.002989852492689304,0.7336823241112638,0.022054688974265893,0.7490107605845909,0.02105222829314187
"GCN (X, fully-connected)",{'hidden': 8},81,0.016332194931593748,0.0024799812645364423,0.7300135871773406,0.022053832900760788,0.7522975530802146,0.02036532342806061
"GCN (X+coords, fully-connected)",{'hidden': 16},193,0.01688851171904398,0.002805455456471142,0.7239710357751512,0.022378456843299616,0.7482552280824547,0.02019556076492895
"GCN (X, k=4 sparse)",{'hidden': 16},161,0.018999643246733453,0.0037844196995306103,0.6908756827332125,0.026713168290594242,0.7120412948318756,0.02786030927029024
"GCN (X+coords, k=4 sparse)",{'hidden': 16},193,0.019827909547399224,0.004068496809488822,0.6757065594099518,0.027182586058686505,0.6966766552571569,0.028054995912561838
"GAT (X, fully-connected)","{'hidden': 16, 'heads': 1}",353,0.021213573822993798,0.004562401364723932,0.6270947991975628,0.09648669366432816,0.651896582181399,0.09724053871886246
"GAT (X+coords, fully-connected)","{'hidden': 8, 'heads': 4}",785,0.02706840817247791,0.0064594632018356805,0.4592810639432932,0.2025679922908184,0.4734338387909817,0.21821646777210996
MLP (X),{'hidden': 32},321,0.033523290772684615,0.003130679110780085,0.016443661232569535,0.04413201509747832,0.018492484414253094,0.050738031722876595
MLP (X+coords),{'hidden': 8},97,0.03335946622656875,0.0028436944891147954,0.010278637149649869,0.043953029198780344,-0.0021748395084223854,0.050788684318169894
