model,alpha,pearson_mean,pearson_std,spearman_mean,mse_mean,mse_std,n
"GAT (X+coords, fc)",0.0,0.44969541401025676,0.1557950136113862,0.45753334353721886,0.8662865841620251,0.18613544007412888,10
"GAT (X+coords, fc)",0.15,0.3667714873041522,0.16017297064806305,0.3563374658494839,0.6953668253041151,0.15783863730340622,10
"GAT (X+coords, fc)",0.3,0.5047129647981424,0.12464730463774484,0.49239362879021203,0.4851089737759187,0.09604048828293266,10
"GAT (X+coords, fc)",0.5,0.7359487030540441,0.08793565872365541,0.6812818646718463,0.2472833226144963,0.06621133078403164,10
"GAT (X+coords, fc)",0.7,0.909802949472963,0.017894394400675133,0.8620590279417442,0.11833754125377458,0.025306010502362277,10
"GAT (X+coords, fc)",0.85,0.9751771072972453,0.00415515768277013,0.9583235231208975,0.05348534158475445,0.02169811282442944,10
"GAT (X+coords, fc)",1.0,0.9925808492840847,0.004396291264680942,0.9916610546140406,0.027918972613280812,0.018462998442314853,10
"GCN (X+coords, fc)",0.0,0.7438475869249108,0.016602103729926567,0.7642030838974553,0.5073428440356837,0.0994978192434394,10
"GCN (X+coords, fc)",0.15,0.7464581120093473,0.017857370347041875,0.7651296253600705,0.37207242123635065,0.05981467797424486,10
"GCN (X+coords, fc)",0.3,0.754506936722288,0.012438824864291941,0.7630219139497609,0.27405028982339347,0.029674958438094274,10
"GCN (X+coords, fc)",0.5,0.7892093742697598,0.015261265214363483,0.7689368581579393,0.203991204223478,0.01821194091891158,10
"GCN (X+coords, fc)",0.7,0.8149432368230052,0.014032392616157493,0.7808689579693276,0.21431583664663817,0.022045756965688865,10
"GCN (X+coords, fc)",0.85,0.8220264963030723,0.016309190477204343,0.8018318384217734,0.26913463576161467,0.02500216661184184,10
"GCN (X+coords, fc)",1.0,0.8240382619069067,0.013779929201001701,0.8232063144619847,0.36740839539542186,0.037787438737237194,10
MLP (X+coords),0.0,0.009554950147963714,0.04884632482630959,0.01134307039741777,1.0426946702951336,0.0905527268557131,10
MLP (X+coords),0.15,0.11819371552210065,0.07461067701681466,0.10137163158786552,0.760247533273777,0.06845049723160974,10
MLP (X+coords),0.3,0.35599386399659666,0.06782057614054479,0.3011097530826475,0.5236317929858683,0.0458056678802596,10
MLP (X+coords),0.5,0.6819223615954589,0.038234218932317515,0.591184698587415,0.2836927495819223,0.029514167546938287,10
MLP (X+coords),0.7,0.9053338736125547,0.013261270916820096,0.8362236895102486,0.11434732177368476,0.009254854146907032,10
MLP (X+coords),0.85,0.9779580186001796,0.0032000481707319833,0.9554151261531281,0.03850601569228845,0.003210993541005279,10
MLP (X+coords),1.0,0.998324719596449,0.0005517546826802924,0.9976567823799509,0.006627299309727204,0.004268034359213246,10
SAIL (dense),0.0,0.8310775957095441,0.0088788058280972,0.8406635351764866,0.32661077619229,0.03102972333072948,10
SAIL (dense),0.15,0.8143682621707278,0.010232507626786907,0.8235918655329598,0.2665175783542032,0.03061764648346006,10
SAIL (dense),0.3,0.7611607919731564,0.017710467199907737,0.770079894666374,0.2662287314875279,0.03311681080976091,10
SAIL (dense),0.5,0.5839347246811366,0.03220152610608914,0.6052560757113215,0.3618501424474382,0.03529608387648729,10
SAIL (dense),0.7,0.33775029206128127,0.04487868375426562,0.36147123186453295,0.5506048857665362,0.057869323141892845,10
SAIL (dense),0.85,0.17711919420458785,0.05316088958814989,0.1664339123164231,0.770980765316698,0.10811768431887504,10
SAIL (dense),1.0,0.09995704710131234,0.06955211338843785,0.06946552629312859,1.0955029587679124,0.10354787132086045,10
