sweep,N,k,knn_time_s_mean,knn_time_s_std
N,1000,16,0.04729096321389079,0.029091092193024026
N,3000,16,0.04307991340756416,0.013922225386094982
N,10000,16,0.04387686420232058,0.00561963483242814
N,30000,16,0.11319109841715544,0.01675913543604151
N,100000,16,0.3601409800117835,0.03482910111324995
N,300000,16,1.4269269553711639,0.04651161890263773
N,1000000,16,4.080208809580654,0.7445086521913031
N,3000000,16,18.34012797262985,0.18313506933402546
N,10000000,16,46.46179321596865,2.5400888804642046
k,100000,4,0.25220855998340996,0.0226872364681708
k,100000,8,0.31948286399710923,0.09211297338195266
k,100000,16,0.3289733582176268,0.023732844538858575
k,100000,32,0.43950287397019566,0.022350968177492797
k,100000,64,0.7112762985983864,0.1296116348562282
