sweep,variant,N,D,K,k,train_epoch_s_mean,train_epoch_s_std,train_peak_gpu_mb_mean,train_peak_gpu_mb_std,infer_s_mean,infer_s_std,infer_peak_gpu_mb_mean,infer_peak_gpu_mb_std,fit_s_mean,fit_s_std,fit_peak_gpu_mb_mean,fit_peak_gpu_mb_std,params_mean,params_std,oom
D,linear,100000,50,25,16,0.004816048401407898,0.00013031561834621927,566.3486328125,0.0,0.003964464017190039,4.78807391499821e-05,385.845703125,0.0,,,,,1251.0,0.0,False
D,linear,100000,100,25,16,0.005117108500562609,1.1555491413898816e-05,584.51513671875,0.0,0.004018025402911007,0.00012026198497946613,403.99755859375,0.0,,,,,2501.0,0.0,False
D,linear,100000,300,25,16,0.005305041023530066,9.544156015620711e-06,660.6513671875,0.0,0.003992034564726054,0.00012022459334884078,480.310546875,0.0,,,,,7501.0,0.0,False
D,linear,100000,1000,25,16,0.00605074045713991,7.360431400227894e-06,928.7119140625,0.0,0.00401699380017817,0.00012444768231848914,747.9365234375,0.0,,,,,25001.0,0.0,False
D,linear,100000,3000,25,16,0.007634273283183575,0.0001708119821265413,1691.6806640625,0.0,0.003963167383335531,4.122680073638061e-05,1510.5361328125,0.0,,,,,75001.0,0.0,False
D,linear,100000,10000,25,16,0.01311174205970019,6.422236310977677e-05,4364.8427734375,0.0,0.005593322194181382,1.22619711547575e-05,4181.4921875,0.0,,,,,250001.0,0.0,False
D,linear_qk,100000,50,25,16,0.010159267717972398,0.00010822674202674413,1373.4462890625,0.0,0.007983911992050707,0.0005033428168625614,781.1484375,0.0,,,,,2883.0,0.0,False
D,linear_qk,100000,100,25,16,0.012699185858946294,1.1916387060343262e-05,2000.18896484375,0.0,0.010464567178860306,0.00038256370774900306,1408.01513671875,0.0,,,,,5733.0,0.0,False
D,linear_qk,100000,300,25,16,0.0239788025803864,7.868713230992657e-05,4519.83984375,0.0,0.019440514012239875,0.0002286201976097319,3927.673828125,0.0,,,,,17133.0,0.0,False
D,linear_qk,100000,1000,25,16,0.06250826196279377,0.0003192401937308039,13332.1552734375,0.0,0.050428232783451675,0.0014152884598671266,12739.4697265625,0.0,,,,,57033.0,0.0,False
D,linear_qk,100000,3000,25,16,0.18306745797453913,0.012501481768849547,38508.9501953125,0.0,0.7151646298123524,0.32128181250581855,37915.6513671875,0.0,,,,,171033.0,0.0,False
D,linear_shared,100000,50,25,16,0.0100467856018804,0.0003465577493520163,1330.0126953125,0.0,0.008800915023311973,1.2751849930773885e-05,988.30859375,0.0,,,,,1251.0,0.0,False
D,linear_shared,100000,100,25,16,0.01269036012236029,0.0006477243764178079,1956.73779296875,0.0,0.010965835023671388,0.00028116125040638187,1462.58544921875,0.0,,,,,2501.0,0.0,False
D,linear_shared,100000,300,25,16,0.024433791942428798,0.0003467085209177835,4476.3154296875,0.0,0.021859134011901916,0.00017652692338575917,3982.21435546875,0.0,,,,,7501.0,0.0,False
D,linear_shared,100000,1000,25,16,0.0628449033969082,2.721028318948091e-05,13288.3759765625,0.0,0.05941898797173053,0.000470446191487014,12793.9072265625,0.0,,,,,25001.0,0.0,False
D,linear_shared,100000,3000,25,16,0.18197494350140914,0.00012680936080591103,38464.4384765625,0.0,0.7209687758004293,0.29890184378612733,37969.791015625,0.0,,,,,75001.0,0.0,False
D,ortho,100000,50,25,16,0.010200864700600505,0.00048542788374455,566.3720703125,0.0,0.004016254004091025,0.0001278058690717871,385.845703125,0.0,,,,,1251.0,0.0,False
D,ortho,100000,100,25,16,0.01027939874213189,5.603676321352579e-05,584.6201171875,0.0,0.003988114628009498,5.3731625124729024e-05,403.99755859375,0.0,,,,,2501.0,0.0,False
D,ortho,100000,300,25,16,0.011063232100568712,2.785796303235923e-05,661.65283203125,0.0,0.003941376367583871,2.969928821703071e-05,480.310546875,0.0,,,,,7501.0,0.0,False
D,ortho,100000,1000,25,16,0.037404040158726275,0.00024552888793250737,938.7529296875,0.0,0.0039736473932862285,5.961255721026048e-05,747.9365234375,0.0,,,,,25001.0,0.0,False
D,ortho,100000,3000,25,16,0.780714972037822,0.031438470427253846,3430.01123046875,0.0,0.003984702262096107,9.972796734438784e-05,1510.5361328125,0.0,,,,,75001.0,0.0,False
D,ortho,100000,10000,25,16,29.985730402800254,1.095918422683922,26932.86279296875,0.0,0.005599431018345058,5.519991581453135e-05,4181.4921875,0.0,,,,,250001.0,0.0,False
D,ortho_qk,100000,50,25,16,0.015282971959095448,3.0025402818107048e-05,1373.4697265625,0.0,0.007717795018106699,0.00044163858785297393,781.1484375,0.0,,,,,2883.0,0.0,False
D,ortho_qk,100000,100,25,16,0.017891344663221388,4.6830631686118165e-05,2000.2939453125,0.0,0.010316049424000084,0.00012691892400232746,1408.01513671875,0.0,,,,,5733.0,0.0,False
D,ortho_qk,100000,300,25,16,0.029796319857705384,0.00014734120293329904,4520.84130859375,0.0,0.019319198024459184,0.00010748734499602427,3927.673828125,0.0,,,,,17133.0,0.0,False
D,ortho_qk,100000,1000,25,16,0.0946693102410063,0.00113157533666241,13343.66650390625,0.0,0.0498040537815541,0.0002704822599761924,12739.4697265625,0.0,,,,,57033.0,0.0,False
D,ortho_qk,100000,3000,25,16,0.9335070047061891,0.0281390101262662,40247.19189453125,0.0,0.7251157301943749,0.3280546515966431,37915.6513671875,0.0,,,,,171033.0,0.0,False
D,ortho_shared,100000,50,25,16,0.018961505219340324,0.00030928203366652033,1330.0537109375,0.0,0.00880019140895456,1.0109070405748913e-05,988.30859375,0.0,,,,,1251.0,0.0,False
D,ortho_shared,100000,100,25,16,0.02159375077812001,2.1045738100536544e-05,1956.91796875,0.0,0.01115694958716631,0.0004047132335574546,1462.58544921875,0.0,,,,,2501.0,0.0,False
D,ortho_shared,100000,300,25,16,0.03445840884232894,6.779100595316154e-05,4478.00244140625,0.0,0.022002816153690218,0.0001924850933804425,3982.21435546875,0.0,,,,,7501.0,0.0,False
D,ortho_shared,100000,1000,25,16,0.12463802137877793,0.000883761137672084,13306.970703125,0.0,0.05910779738333076,0.0003617917516351102,12793.9072265625,0.0,,,,,25001.0,0.0,False
D,ortho_shared,100000,3000,25,16,1.6421678578015417,0.05817717421201377,40272.025390625,0.0,0.7323242746293545,0.3062952642809435,37969.791015625,0.0,,,,,75001.0,0.0,False
K,linear,100000,1000,1,16,0.00263835463905707,4.380106589254136e-05,511.86767578125,0.0,0.0017142579890787601,0.00024645928035590373,435.6396484375,0.0,,,,,1001.0,0.0,False
K,linear,100000,1000,5,16,0.003895659397821873,9.781707569451943e-05,542.44775390625,0.0,0.0025844382122159003,0.0003179954322570351,487.583984375,0.0,,,,,5001.0,0.0,False
K,linear,100000,1000,10,16,0.004158618957735598,5.69263110945295e-05,632.57275390625,0.0,0.0035657246131449937,4.5369400360706575e-05,554.33349609375,0.0,,,,,10001.0,0.0,False
K,linear,100000,1000,25,16,0.005449534920044243,2.856214648658948e-05,928.7119140625,0.0,0.003958973404951394,6.651405886983034e-05,747.9365234375,0.0,,,,,25001.0,0.0,False
K,linear,100000,1000,50,16,0.008149590298999101,7.669003663649031e-05,1427.4765625,0.0,0.006175355007871986,0.0005011325405409091,1074.85595703125,0.0,,,,,50001.0,0.0,False
K,linear,100000,1000,100,16,0.013055038978345692,4.827280956209852e-05,2415.7353515625,0.0,0.00954489321447909,0.0004370088138195807,1720.0439453125,0.0,,,,,100001.0,0.0,False
K,linear_qk,100000,1000,1,16,0.05956673400010913,0.0002286299690675369,13030.302734375,0.0,0.04907935021910816,0.0004118457497034707,12729.296875,0.0,,,,,33033.0,0.0,False
K,linear_qk,100000,1000,5,16,0.06116322443820536,0.00019491924332378508,13034.94287109375,0.0,0.049005858576856555,0.0003300387072673324,12730.83837890625,0.0,,,,,37033.0,0.0,False
K,linear_qk,100000,1000,10,16,0.06145864102058113,0.00022459363492314437,13041.1708984375,0.0,0.05019044957589358,0.001298685734677352,12732.7646484375,0.0,,,,,42033.0,0.0,False
K,linear_qk,100000,1000,25,16,0.062383972380775955,0.0002259840018405658,13332.1552734375,0.0,0.050243909214623274,0.0013935104274594814,12739.4697265625,0.0,,,,,57033.0,0.0,False
K,linear_qk,100000,1000,50,16,0.06538032424170523,0.00022118959281758902,13831.845703125,0.0,0.05253195841796696,0.0004704455571501675,12749.10205078125,0.0,,,,,82033.0,0.0,False
K,linear_qk,100000,1000,100,16,0.0704096026159823,0.00040464017885867174,14820.1044921875,0.0,0.054845083388499916,0.00018591217347582847,12767.43994140625,0.0,,,,,132033.0,0.0,False
K,linear_shared,100000,1000,1,16,0.05165561456000432,3.064220863614774e-05,12725.97314453125,0.0,0.04481463462579995,0.0003151551912316465,12637.158203125,0.0,,,,,1001.0,0.0,False
K,linear_shared,100000,1000,5,16,0.06010120720136911,4.126933223458165e-05,12781.01611328125,0.0,0.056027594162151216,0.00013206378986333926,12663.12939453125,0.0,,,,,5001.0,0.0,False
K,linear_shared,100000,1000,10,16,0.06092747832415626,6.632222553421254e-05,12902.30810546875,0.0,0.05743497018702328,0.0003297384948081236,12696.55712890625,0.0,,,,,10001.0,0.0,False
K,linear_shared,100000,1000,25,16,0.06287042506504804,6.140562586511781e-05,13288.3759765625,0.0,0.06062301981728524,0.00369953094790689,12793.9072265625,0.0,,,,,25001.0,0.0,False
K,linear_shared,100000,1000,50,16,0.08881101774051785,8.077658409165509e-05,13941.478515625,0.0,0.07733712641056627,0.0003335516085110108,12957.046875,0.0,,,,,50001.0,0.0,False
K,linear_shared,100000,1000,100,16,0.1418240689393133,0.00029182192537008725,15233.9443359375,0.0,0.11429387819953263,0.0011868212754563808,13279.92724609375,0.0,,,,,100001.0,0.0,False
K,ortho,100000,1000,1,16,0.032905593679752196,0.0008349272435638919,660.7705078125,0.0,0.0016557754017412663,0.00017983968468389172,435.6396484375,0.0,,,,,1001.0,0.0,False
K,ortho,100000,1000,5,16,0.03616262858035043,0.0004990591566962516,690.6396484375,0.0,0.0027296697488054635,0.0006767068683351023,487.583984375,0.0,,,,,5001.0,0.0,False
K,ortho,100000,1000,10,16,0.036739843122195456,0.000801814375493728,727.33837890625,0.0,0.003653828427195549,0.00022984803700888903,554.33349609375,0.0,,,,,10001.0,0.0,False
K,ortho,100000,1000,25,16,0.03704996482236311,0.0005030602470858517,938.7529296875,0.0,0.003951132204383612,5.949645917186455e-05,747.9365234375,0.0,,,,,25001.0,0.0,False
K,ortho,100000,1000,50,16,0.039771842821501195,0.0007118925374683805,1438.892578125,0.0,0.005796932382509112,3.755558757920466e-05,1074.85595703125,0.0,,,,,50001.0,0.0,False
K,ortho,100000,1000,100,16,0.04663103993982077,0.0011720990806505052,2426.96044921875,0.0,0.009603159781545401,0.0004163724599020951,1720.0439453125,0.0,,,,,100001.0,0.0,False
K,ortho_qk,100000,1000,1,16,0.09212770729791372,0.0005588512340960575,13065.1396484375,0.0,0.04870184981264174,0.00016601387852176254,12729.296875,0.0,,,,,33033.0,0.0,False
K,ortho_qk,100000,1000,5,16,0.09308399443514645,0.000246935779078663,13094.06494140625,0.0,0.04943939179647714,0.0015651083875790697,12730.83837890625,0.0,,,,,37033.0,0.0,False
K,ortho_qk,100000,1000,10,16,0.09329075913643464,0.00031425098704418886,13132.6337890625,0.0,0.05047912555746734,0.0011230294927180773,12732.7646484375,0.0,,,,,42033.0,0.0,False
K,ortho_qk,100000,1000,25,16,0.09562131705926731,0.0017100146758230851,13343.66650390625,0.0,0.04980346655938774,0.00029965805086732436,12739.4697265625,0.0,,,,,57033.0,0.0,False
K,ortho_qk,100000,1000,50,16,0.09866788581712171,0.0017993508386179608,13843.26171875,0.0,0.05244187356438488,8.877544374872052e-05,12749.10205078125,0.0,,,,,82033.0,0.0,False
K,ortho_qk,100000,1000,100,16,0.10181477145990356,0.0006739218499932922,14831.16650390625,0.0,0.055097009823657575,0.0003517436057569486,12767.43994140625,0.0,,,,,132033.0,0.0,False
K,ortho_shared,100000,1000,1,16,0.11399254634045064,0.001205717980800204,12883.16259765625,0.0,0.0449623447842896,0.00029759129670231733,12637.158203125,0.0,,,,,1001.0,0.0,False
K,ortho_shared,100000,1000,5,16,0.12194886849960311,0.0009052679706572467,12936.78759765625,0.0,0.05589062822982669,0.00025743691372210605,12663.12939453125,0.0,,,,,5001.0,0.0,False
K,ortho_shared,100000,1000,10,16,0.12242743061855435,0.000803273261524528,13004.96826171875,0.0,0.05746004318352789,0.00021021149385133398,12696.55712890625,0.0,,,,,10001.0,0.0,False
K,ortho_shared,100000,1000,25,16,0.1228857933008112,0.0019288124934805156,13306.970703125,0.0,0.05877993700560182,0.00026632570545334,12793.9072265625,0.0,,,,,25001.0,0.0,False
K,ortho_shared,100000,1000,50,16,0.14978521037846804,0.0019195546655095754,13961.28564453125,0.0,0.07734829180408269,0.0004050512027012196,12957.046875,0.0,,,,,50001.0,0.0,False
K,ortho_shared,100000,1000,100,16,0.2083206169400364,0.004422372231720754,15252.63427734375,0.0,0.11412629981059581,0.0012737834242047353,13279.92724609375,0.0,,,,,100001.0,0.0,False
N,linear,1000,1000,25,16,0.003053769620601088,7.82696060788958e-05,25.73388671875,0.0,0.001348860585130751,0.00013933347999672992,23.64892578125,0.0,0.3400622997044896,0.003895327425596194,25.83154296875,0.0,25001.0,0.0,False
N,linear,3000,1000,25,16,0.0030483781616203486,4.133258081042017e-05,44.3515625,0.0,0.0015763242030516268,2.7485355067902843e-05,38.681640625,0.0,0.4240500283582757,0.005656702723181341,44.44921875,0.0,25001.0,0.0,False
N,linear,10000,1000,25,16,0.0033080216590315103,0.00019096167012772305,110.43798828125,0.0,0.0020456172060221434,3.4377856834559494e-05,91.4755859375,0.0,0.6415991460671648,0.014079869806798437,110.53564453125,0.0,25001.0,0.0,False
N,linear,30000,1000,25,16,0.003387564518488943,5.4138825670014295e-05,290.79638671875,0.0,0.0030999826034531,0.0003705378504490477,235.9873046875,0.0,0.7178995749757936,0.012379751609571249,290.89404296875,0.0,25001.0,0.0,False
N,linear,100000,1000,25,16,0.006057740137912333,2.4944105624422725e-05,928.7119140625,0.0,0.004018033435568213,0.00012212069468667494,747.9365234375,0.0,1.1708848383665706,0.003200485256145011,928.8095703125,0.0,25001.0,0.0,False
N,linear,300000,1000,25,16,0.012407202636823059,0.0005857844741122771,2745.61865234375,0.0,0.006946196407079696,0.0001724705104654618,2207.21875,0.0,4.537547170378578,1.115114319544629,2745.71630859375,0.0,25001.0,0.0,False
N,linear,1000000,1000,25,16,0.03435805412242189,2.343872888160614e-05,9114.4345703125,0.0,0.013255503191612662,0.00022770144612731716,7320.1494140625,0.0,,,,,25001.0,0.0,False
N,linear,3000000,1000,25,16,0.09990388355683535,0.00012386183347404712,27302.232421875,0.0,0.038147626211866736,0.00023025157351687004,21921.9599609375,0.0,,,,,25001.0,0.0,False
N,linear_qk,1000,1000,25,16,0.0036385430977679788,1.5085264504627814e-05,152.05615234375,0.0,0.003530325600877404,6.972504727493665e-05,145.72412109375,0.0,0.6854023082802693,0.0011886811592998674,152.15380859375,0.0,57033.0,0.0,False
N,linear_qk,3000,1000,25,16,0.004716852901037782,8.42369410316532e-05,420.01806640625,0.0,0.00419423021376133,0.00025105713355136214,401.30126953125,0.0,0.9201549399876967,0.0016347262616839065,420.11572265625,0.0,57033.0,0.0,False
N,linear_qk,10000,1000,25,16,0.008450679280795157,2.2302385618287357e-05,1351.04150390625,0.0,0.006841966020874679,0.0001949200679809379,1289.236328125,0.0,2.714199957321398,1.0210128727266765,1351.13916015625,0.0,57033.0,0.0,False
N,linear_qk,30000,1000,25,16,0.020708283318672326,0.00026328738600345746,4015.16552734375,0.0,0.016573900426737963,0.0003109930363282663,3835.3720703125,0.0,9.77514446262891,0.9721117278906273,4015.26318359375,0.0,57033.0,0.0,False
N,linear_qk,100000,1000,25,16,0.06265008540125563,0.0002619669854755614,13332.1552734375,0.0,0.051026823162101206,0.001570761756552885,12739.4697265625,0.0,34.65561815002002,0.45190915580903945,13332.2529296875,0.0,57033.0,0.0,False
N,linear_qk,300000,1000,25,16,0.19055033185286446,0.014780539176339817,39953.01904296875,0.0,0.7270941140130163,0.324797242205133,38176.9169921875,0.0,105.56579605567579,0.036890802967879804,39953.11669921875,0.0,57033.0,0.0,False
N,linear_shared,1000,1000,25,16,0.004049399658106268,1.3581793211869542e-05,151.26171875,0.0,0.0034691077657043935,8.750017897934207e-06,146.123046875,0.0,0.6943670460411037,0.0015818763393167818,151.359375,0.0,25001.0,0.0,False
N,linear_shared,3000,1000,25,16,0.005049068941734731,3.086407460108713e-05,416.93115234375,0.0,0.003871242981404066,0.0002598240205914062,401.91357421875,0.0,1.0376567823113874,0.031262670635303205,417.02880859375,0.0,25001.0,0.0,False
N,linear_shared,10000,1000,25,16,0.008763080339413136,5.663059169970935e-05,1347.14306640625,0.0,0.007738804584369064,0.00040976375492334964,1295.3203125,0.0,2.7014748712923997,0.8756016882233869,1347.24072265625,0.0,25001.0,0.0,False
N,linear_shared,30000,1000,25,16,0.02058015587972477,5.657532280129295e-06,4000.79833984375,0.0,0.019004112202674152,0.00024589458570908006,3851.2216796875,0.0,9.721143328701146,1.0717228077269603,4000.89599609375,0.0,25001.0,0.0,False
N,linear_shared,100000,1000,25,16,0.06318483490264043,0.0004630160503022865,13288.3759765625,0.0,0.05915848740842193,0.0007643767483880352,12793.9072265625,0.0,34.68210990629935,0.4708937867488868,13288.4736328125,0.0,25001.0,0.0,False
N,linear_shared,300000,1000,25,16,0.1869291822006926,0.00011639531135880012,39824.71435546875,0.0,0.7340717336162925,0.3131239825035142,38341.7978515625,0.0,105.78939073664758,0.04202055649479149,39824.81201171875,0.0,25001.0,0.0,False
N,ortho,1000,1000,25,16,0.03488930797670037,0.00024333933413912666,252.67431640625,0.0,0.0012648930074647068,3.624136137549751e-05,23.64892578125,0.0,4.1001801493112,0.00847672127513027,252.77197265625,0.0,25001.0,0.0,False
N,ortho,3000,1000,25,16,0.03331735933898017,0.0009171326789492258,263.51953125,0.0,0.0017919514095410705,0.00047052825408567145,38.681640625,0.0,4.152374176657759,0.035061628249622376,263.6171875,0.0,25001.0,0.0,False
N,ortho,10000,1000,25,16,0.037851782143116,0.0013693875709575635,306.28125,0.0,0.0026079787872731685,0.00130766025961029,91.4755859375,0.0,4.249786088320737,0.1945748890677661,306.37890625,0.0,25001.0,0.0,False
N,ortho,30000,1000,25,16,0.035029555440414695,0.00038283303013417273,422.97314453125,0.0,0.00250490321777761,0.0002943215569698174,235.9873046875,0.0,4.1134400006461265,0.14822738502436197,423.07080078125,0.0,25001.0,0.0,False
N,ortho,100000,1000,25,16,0.03774820470018312,0.0005818918311948616,938.7529296875,0.0,0.003933502803556621,3.4515057376682416e-05,747.9365234375,0.0,4.417847462696955,0.005008451107531743,938.921875,0.0,25001.0,0.0,False
N,ortho,300000,1000,25,16,0.04451260267756879,0.0006731493464519198,2756.966796875,0.0,0.0069821564015001055,0.00024296841223476036,2207.21875,0.0,5.633873790657769,0.169447710561483,2757.064453125,0.0,25001.0,0.0,False
N,ortho,1000000,1000,25,16,0.06630967126227916,0.000405226743593041,9126.4150390625,0.0,0.013528946205042303,0.0006103060244011701,7320.1494140625,0.0,,,,,25001.0,0.0,False
N,ortho,3000000,1000,25,16,0.13178806565934792,0.0006142717908147118,27313.58056640625,0.0,0.03803854919970036,0.00019972171774595724,21921.9599609375,0.0,,,,,25001.0,0.0,False
N,ortho_qk,1000,1000,25,16,0.03514152658171952,0.0006875445532531396,378.99658203125,0.0,0.003606334188953042,0.00019779378088824657,145.72412109375,0.0,4.25541641000503,0.10602519667605487,379.09423828125,0.0,57033.0,0.0,False
N,ortho_qk,3000,1000,25,16,0.03426794006256387,1.3929911679385768e-05,640.1123046875,0.0,0.003664027596823871,0.0001816968935257715,401.30126953125,0.0,4.461700264985363,0.10633531401427342,640.2099609375,0.0,57033.0,0.0,False
N,ortho_qk,10000,1000,25,16,0.041005119723267855,0.0004120737335692899,1547.353515625,0.0,0.007460656785406172,0.00024929695604254616,1289.236328125,0.0,5.480684885638766,0.0034864419449004897,1547.451171875,0.0,57033.0,0.0,False
N,ortho_qk,30000,1000,25,16,0.05215015640249476,0.0008238745376240601,4147.18896484375,0.0,0.016218259790912272,0.00016088506739895405,3835.3720703125,0.0,10.058303434634581,0.9525145178319477,4147.28662109375,0.0,57033.0,0.0,False
N,ortho_qk,100000,1000,25,16,0.09481736451853066,0.0010164658999415874,13343.66650390625,0.0,0.0506076134275645,0.0014641585415105967,12739.4697265625,0.0,34.55793640533617,0.42080785306254576,13343.76416015625,0.0,57033.0,0.0,False
N,ortho_qk,300000,1000,25,16,0.23511263066644056,0.039865044124238004,39964.3671875,0.0,0.7287592992186547,0.32547802640348306,38176.9169921875,0.0,105.51879312936217,0.012909010353712832,39964.46484375,0.0,57033.0,0.0,False
N,ortho_shared,1000,1000,25,16,0.06475181956076995,0.0012611036950710664,386.09716796875,0.0,0.0033955876249819996,0.0001886423706426671,146.123046875,0.0,7.178783947989966,0.21918595958590853,386.19482421875,0.0,25001.0,0.0,False
N,ortho_shared,3000,1000,25,16,0.07136413081781938,0.004339759169480208,644.8974609375,0.0,0.0037864641984924675,8.843230297108675e-05,401.91357421875,0.0,7.580559542014574,0.21896933783673908,644.2548828125,0.0,25001.0,0.0,False
N,ortho_shared,10000,1000,25,16,0.07030848326161504,0.0011050924185472078,1550.30322265625,0.0,0.007776326010935008,0.0004493336089171327,1295.3203125,0.0,8.547732938313857,0.09487153778363248,1550.40087890625,0.0,25001.0,0.0,False
N,ortho_shared,30000,1000,25,16,0.08475826412206515,0.0020317083322543093,4140.02001953125,0.0,0.019137074379250406,0.0004716777390488226,3851.2216796875,0.0,10.152763163360456,0.12061499035690276,4140.11767578125,0.0,25001.0,0.0,False
N,ortho_shared,100000,1000,25,16,0.1295893031009473,0.003806854201707996,13306.970703125,0.0,0.059202174609526995,0.0003100521752119298,12793.9072265625,0.0,34.31213387070844,0.41615085319633477,13307.068359375,0.0,25001.0,0.0,False
N,ortho_shared,300000,1000,25,16,0.2687518053804524,0.05618024105893721,39844.12060546875,0.0,0.7362308700103313,0.31466376817137276,38341.7978515625,0.0,105.63963104497331,0.002681082522751298,39844.21826171875,0.0,25001.0,0.0,False
k,linear,100000,1000,25,4,0.0037010912410914898,1.0968569353361421e-05,561.25439453125,0.0,0.0031184935942292213,0.0002539197424135392,501.50732421875,0.0,,,,,25001.0,0.0,False
k,linear,100000,1000,25,8,0.004921353282406926,5.0128062840400694e-05,684.3046875,0.0,0.004845778807066381,0.00012880545052571386,583.90478515625,0.0,,,,,25001.0,0.0,False
k,linear,100000,1000,25,16,0.006120741097256541,5.8024830732202164e-05,928.7119140625,0.0,0.004009649553336203,0.0001288696330474225,747.9365234375,0.0,,,,,25001.0,0.0,False
k,linear,100000,1000,25,32,0.008481073761358857,9.215776857620782e-05,1420.56201171875,0.0,0.006622491800226271,0.00034436971302071324,1079.1748046875,0.0,,,,,25001.0,0.0,False
k,linear,100000,1000,25,64,0.011825898496899754,0.0006263517222279872,2396.9404296875,0.0,0.007192441215738654,0.000436811324798421,1736.7060546875,0.0,,,,,25001.0,0.0,False
k,linear_qk,100000,1000,25,4,0.018480239158961922,3.968185655448039e-05,3662.24462890625,0.0,0.015437392983585596,7.22967793512406e-05,3492.33642578125,0.0,,,,,57033.0,0.0,False
k,linear_qk,100000,1000,25,8,0.032925862760748714,3.455324332082069e-05,6885.404296875,0.0,0.02675632000900805,0.0003761132220049631,6574.85400390625,0.0,,,,,57033.0,0.0,False
k,linear_qk,100000,1000,25,16,0.06267434766050428,0.0003316970889324981,13332.1552734375,0.0,0.05010553237516433,0.0007785820051914271,12739.4697265625,0.0,,,,,57033.0,0.0,False
k,linear_qk,100000,1000,25,32,0.12494027096312492,0.007424218040901476,26228.93115234375,0.0,0.3166631732136011,0.23543823562204616,25069.8837890625,0.0,,,,,57033.0,0.0,False
k,linear_qk,100000,1000,25,64,0.3935081610979978,0.0003226154905936908,52006.6845703125,0.0,1.3789159270003437,0.3782326062488297,49725.4619140625,0.0,,,,,57033.0,0.0,False
k,linear_shared,100000,1000,25,4,0.018699754481203854,4.529579398016165e-05,3651.73046875,0.0,0.017616377375088633,0.00015131839867733857,3505.9189453125,0.0,,,,,25001.0,0.0,False
k,linear_shared,100000,1000,25,8,0.033354026956949376,2.2400257812347685e-05,6863.6748046875,0.0,0.03166722625028342,0.0003172558634404408,6602.16943359375,0.0,,,,,25001.0,0.0,False
k,linear_shared,100000,1000,25,16,0.06301293337717653,0.00034702725655462446,13288.3759765625,0.0,0.059393878025002775,0.0009234393746350829,12793.9072265625,0.0,,,,,25001.0,0.0,False
k,linear_shared,100000,1000,25,32,0.12341280131833628,0.00015522761471336276,26142.56396484375,0.0,0.335470074811019,0.12150618634976862,25179.7333984375,0.0,,,,,25001.0,0.0,False
k,linear_shared,100000,1000,25,64,0.30420220535947007,0.0003609451955460116,51835.4189453125,0.0,1.4985005784081296,0.3328821774328449,49945.0380859375,0.0,,,,,25001.0,0.0,False
k,ortho,100000,1000,25,4,0.03633988304296508,0.001131715215883228,702.79296875,0.0,0.0029500220203772186,0.0004050425785369728,501.50732421875,0.0,,,,,25001.0,0.0,False
k,ortho,100000,1000,25,8,0.036993396019097416,0.0013189082998911763,747.7578125,0.0,0.003864153358153999,2.9563327011603978e-05,583.90478515625,0.0,,,,,25001.0,0.0,False
k,ortho,100000,1000,25,16,0.037138213121797894,0.0002153597378001246,938.7529296875,0.0,0.003983694198541343,7.184551212219654e-05,747.9365234375,0.0,,,,,25001.0,0.0,False
k,ortho,100000,1000,25,32,0.03935127964243293,0.00047912763581371584,1434.19189453125,0.0,0.006799801997840404,2.3016220535412677e-05,1079.1748046875,0.0,,,,,25001.0,0.0,False
k,ortho,100000,1000,25,64,0.043394941599108276,0.0005505915876838403,2410.14013671875,0.0,0.007777487952262163,7.139236380874284e-05,1736.7060546875,0.0,,,,,25001.0,0.0,False
k,ortho_qk,100000,1000,25,4,0.04910191364120692,0.0009947062497598581,3804.54638671875,0.0,0.015518294973298907,0.00011554483769611766,3492.33642578125,0.0,,,,,57033.0,0.0,False
k,ortho_qk,100000,1000,25,8,0.06479151727864518,0.0007609323102715612,6949.9462890625,0.0,0.02698949456680566,0.0003861732532416673,6574.85400390625,0.0,,,,,57033.0,0.0,False
k,ortho_qk,100000,1000,25,16,0.09461816412163898,0.0007785842648916828,13343.66650390625,0.0,0.05057904701679945,0.0013639189984028463,12739.4697265625,0.0,,,,,57033.0,0.0,False
k,ortho_qk,100000,1000,25,32,0.1536612476022648,0.0007139456407521999,26242.56103515625,0.0,0.3181394719751552,0.2366060726658919,25069.8837890625,0.0,,,,,57033.0,0.0,False
k,ortho_qk,100000,1000,25,64,0.3311611500196159,0.0007831856508844711,52019.88427734375,0.0,1.3789268976310267,0.37781133046858784,49725.4619140625,0.0,,,,,57033.0,0.0,False
k,ortho_shared,100000,1000,25,4,0.08003337359987199,0.0013226570139413243,3801.8232421875,0.0,0.01784979281947017,0.0003976130132107094,3505.9189453125,0.0,,,,,25001.0,0.0,False
k,ortho_shared,100000,1000,25,8,0.09440781642217189,0.002007780736745659,6936.11181640625,0.0,0.03159900861792266,0.0003634781976389047,6602.16943359375,0.0,,,,,25001.0,0.0,False
k,ortho_shared,100000,1000,25,16,0.12722302094101906,0.003144081881752614,13306.970703125,0.0,0.05901953200809658,0.00031868675929724573,12793.9072265625,0.0,,,,,25001.0,0.0,False
k,ortho_shared,100000,1000,25,32,0.183688225641381,0.001965934875155487,26163.05908203125,0.0,0.3363141816109419,0.12367875581477636,25179.7333984375,0.0,,,,,25001.0,0.0,False
k,ortho_shared,100000,1000,25,64,0.5402630349912215,0.07667781158621872,51854.8251953125,0.0,1.4977487253956496,0.33247550249746183,49945.0380859375,0.0,,,,,25001.0,0.0,False
N,linear_shared,1000000,1000,25,16,,,,,,,,,,,,,,,True
N,ortho_shared,1000000,1000,25,16,,,,,,,,,,,,,,,True
N,linear_qk,1000000,1000,25,16,,,,,,,,,,,,,,,True
N,ortho_qk,1000000,1000,25,16,,,,,,,,,,,,,,,True
N,linear,10000000,1000,25,16,,,,,,,,,,,,,,,True
N,ortho,10000000,1000,25,16,,,,,,,,,,,,,,,True
D,linear_shared,100000,10000,25,16,,,,,,,,,,,,,,,True
D,ortho_shared,100000,10000,25,16,,,,,,,,,,,,,,,True
D,linear_qk,100000,10000,25,16,,,,,,,,,,,,,,,True
D,ortho_qk,100000,10000,25,16,,,,,,,,,,,,,,,True
